window_start_utc,window_start,market_id,source,result,trade_count,excluded_reason,status,p1_fill_side,p1_fill_s,p1_exit_hit,p1_exit_s,p2_fill_side,p2_fill_s,p2_exit_hit,p2_exit_s,touch_fills,touch_hits,p1_shares,p1_pnl,p2_shares,p2_pnl,balance_after
2026-09-23T17:45Z,1790185500,4846369,INTL_PROXY,up,744,,no_fill,,,,,,,,,0,0,,,,,20.0
2026-09-23T18:00Z,1790186400,4847272,INTL_PROXY,down,681,,no_fill,,,,,,,,,0,0,,,,,20.0
2026-09-23T18:15Z,1790187300,4847306,INTL_PROXY,down,764,,no_fill,,,,,,,,,0,0,,,,,20.0
2026-09-23T18:30Z,1790188200,4847389,INTL_PROXY,up,773,,no_fill,,,,,,,,,0,0,,,,,20.0
2026-09-23T18:45Z,1790189100,4848254,INTL_PROXY,up,494,,no_fill,,,,,,,,,0,0,,,,,20.0
2026-09-23T19:00Z,1790190000,4850696,INTL_PROXY,up,785,,no_fill,,,,,,,,,0,0,,,,,20.0
2026-09-23T19:15Z,1790190900,4852088,INTL_PROXY,up,557,,no_fill,,,,,,,,,0,0,,,,,20.0
2026-09-23T19:30Z,1790191800,4852410,INTL_PROXY,up,700,,no_fill,,,,,,,,,0,0,,,,,20.0
2026-09-23T19:45Z,1790192700,4852813,INTL_PROXY,up,997,,no_fill,,,,,,,,,0,0,,,,,20.0
2026-09-23T20:00Z,1790193600,4853307,INTL_PROXY,down,658,,no_fill,,,,,,,,,0,0,,,,,20.0
2026-09-23T20:15Z,1790194500,4854834,INTL_PROXY,down,464,,no_fill,,,,,,,,,0,0,,,,,20.0
2026-09-23T20:30Z,1790195400,4856302,INTL_PROXY,up,486,,filled,down,67,0,,,,,,1,0,4,-1.0,,,19.0
2026-09-23T20:45Z,1790196300,4859504,INTL_PROXY,down,463,,no_fill,,,,,,,,,0,0,,,,,19.0
2026-09-23T21:00Z,1790197200,4860897,INTL_PROXY,up,601,,no_fill,,,,,,,,,0,0,,,,,19.0
2026-09-23T21:15Z,1790198100,4862716,INTL_PROXY,up,614,,no_fill,,,,,,,,,0,0,,,,,19.0
2026-09-23T21:30Z,1790199000,4865245,INTL_PROXY,up,389,,no_fill,,,,,,,,,0,0,,,,,19.0
2026-09-23T21:45Z,1790199900,4866411,INTL_PROXY,down,535,,no_fill,,,,,,,,,0,0,,,,,19.0
2026-09-23T22:00Z,1790200800,4866757,INTL_PROXY,up,538,,no_fill,,,,,,,,,0,0,,,,,19.0
2026-09-23T22:15Z,1790201700,4867141,INTL_PROXY,down,375,,no_fill,,,,,,,,,0,0,,,,,19.0
2026-09-23T22:30Z,1790202600,4867369,INTL_PROXY,up,1120,,filled,up,35,1,743,,,,,1,1,3,0.6,,,19.6
2026-09-23T22:45Z,1790203500,4867723,INTL_PROXY,up,548,,filled,down,71,0,,,,,,1,0,3,-0.75,,,18.85
2026-09-23T23:00Z,1790204400,4867902,INTL_PROXY,down,998,,filled,up,85,1,253,,,,,1,1,3,0.6,,,19.45
2026-09-23T23:15Z,1790205300,4868436,INTL_PROXY,down,616,,no_fill,,,,,,,,,0,0,,,,,19.45
2026-09-23T23:30Z,1790206200,4868531,INTL_PROXY,down,1566,,no_fill,,,,,,,,,0,0,,,,,19.45
2026-09-23T23:45Z,1790207100,4869229,INTL_PROXY,down,442,,no_fill,,,,,,,,,0,0,,,,,19.45
2026-09-24T00:00Z,1790208000,4869386,INTL_PROXY,down,1147,,filled,down,55,1,557,,,,,1,1,3,0.6,,,20.05
2026-09-24T00:15Z,1790208900,4869481,INTL_PROXY,down,2271,,filled,down,67,1,479,,,,,1,1,4,0.8,,,20.85
2026-09-24T00:30Z,1790209800,4869597,INTL_PROXY,up,2703,,no_fill,,,,,,,,,0,0,,,,,20.85
2026-09-24T00:45Z,1790210700,4869723,INTL_PROXY,down,1310,,no_fill,,,,,,,,,0,0,,,,,20.85
2026-09-24T01:00Z,1790211600,4869791,INTL_PROXY,down,1327,,no_fill,,,,,,,,,0,0,,,,,20.85
2026-09-24T01:15Z,1790212500,4869860,INTL_PROXY,down,2918,,no_fill,,,,,,,,,0,0,,,,,20.85
2026-09-24T01:30Z,1790213400,4869916,INTL_PROXY,down,871,,no_fill,,,,,,,,,0,0,,,,,20.85
2026-09-24T01:45Z,1790214300,4870018,INTL_PROXY,down,1091,,no_fill,,,,,,,,,0,0,,,,,20.85
2026-09-24T02:00Z,1790215200,4870123,INTL_PROXY,down,706,,no_fill,,,,,,,,,0,0,,,,,20.85
2026-09-24T02:15Z,1790216100,4870236,INTL_PROXY,up,634,,filled,down,28,0,,,,,,1,0,4,-1.0,,,19.85
2026-09-24T02:30Z,1790217000,4870325,INTL_PROXY,up,546,,no_fill,,,,,,,,,0,0,,,,,19.85
2026-09-24T02:45Z,1790217900,4870912,INTL_PROXY,up,634,,no_fill,,,,,,,,,0,0,,,,,19.85
2026-09-24T03:00Z,1790218800,4871006,INTL_PROXY,down,624,,no_fill,,,,,,,,,0,0,,,,,19.85
2026-09-24T03:15Z,1790219700,4871320,INTL_PROXY,down,489,,no_fill,,,,,,,,,1,1,,,,,19.85
2026-09-24T03:30Z,1790220600,4871448,INTL_PROXY,down,1014,,no_fill,,,,,,,,,0,0,,,,,19.85
2026-09-24T03:45Z,1790221500,4871527,INTL_PROXY,down,476,,no_fill,,,,,,,,,0,0,,,,,19.85
2026-09-24T04:00Z,1790222400,4871700,INTL_PROXY,down,951,,no_fill,,,,,,,,,0,0,,,,,19.85
2026-09-24T04:15Z,1790223300,4872024,INTL_PROXY,up,590,,no_fill,,,,,,,,,0,0,,,,,19.85
2026-09-24T04:30Z,1790224200,4872917,INTL_PROXY,down,546,,no_fill,,,,,,,,,0,0,,,,,19.85
2026-09-24T04:45Z,1790225100,4873004,INTL_PROXY,up,753,,no_fill,,,,,,,,,0,0,,,,,19.85
2026-09-24T05:00Z,1790226000,4873441,INTL_PROXY,up,400,,filled,down,108,0,,,,,,1,0,3,-0.75,,,19.1
2026-09-24T05:15Z,1790226900,4873731,INTL_PROXY,down,745,,no_fill,,,,,,,,,0,0,,,,,19.1
2026-09-24T05:30Z,1790227800,4874217,INTL_PROXY,up,947,,no_fill,,,,,,,,,0,0,,,,,19.1
2026-09-24T05:45Z,1790228700,4874350,INTL_PROXY,down,501,,no_fill,,,,,,,,,0,0,,,,,19.1
2026-09-24T06:00Z,1790229600,4874442,INTL_PROXY,up,713,,no_fill,,,,,,,,,0,0,,,,,19.1
2026-09-24T06:15Z,1790230500,4874568,INTL_PROXY,up,910,,no_fill,,,,,,,,,0,0,,,,,19.1
2026-09-24T06:30Z,1790231400,4874682,INTL_PROXY,up,782,,no_fill,,,,,,,,,0,0,,,,,19.1
2026-09-24T06:45Z,1790232300,4874747,INTL_PROXY,down,640,,filled,up,71,0,,,,,,1,0,3,-0.75,,,18.35
2026-09-24T07:00Z,1790233200,4874870,INTL_PROXY,down,727,,filled,up,92,1,470,,,,,1,1,3,0.6,,,18.95
2026-09-24T07:15Z,1790234100,4875209,INTL_PROXY,up,385,,filled,down,95,0,,,,,,1,0,3,-0.75,,,18.2
2026-09-24T07:30Z,1790235000,4875652,INTL_PROXY,up,716,,no_fill,,,,,,,,,0,0,,,,,18.2
2026-09-24T07:45Z,1790235900,4875724,INTL_PROXY,up,627,,no_fill,,,,,,,,,0,0,,,,,18.2
2026-09-24T08:00Z,1790236800,4875879,INTL_PROXY,down,867,,no_fill,,,,,,,,,0,0,,,,,18.2
2026-09-24T08:15Z,1790237700,4876305,INTL_PROXY,down,401,,no_fill,,,,,,,,,0,0,,,,,18.2
2026-09-24T08:30Z,1790238600,4876430,INTL_PROXY,down,861,,no_fill,,,,,,,,,0,0,,,,,18.2
2026-09-24T08:45Z,1790239500,4876836,INTL_PROXY,down,615,,no_fill,,,,,,,,,0,0,,,,,18.2
2026-09-24T09:00Z,1790240400,4876876,INTL_PROXY,down,783,,no_fill,,,,,,,,,0,0,,,,,18.2
2026-09-24T09:15Z,1790241300,4876958,INTL_PROXY,down,632,,no_fill,,,,,,,,,0,0,,,,,18.2
2026-09-24T09:30Z,1790242200,4877010,INTL_PROXY,down,920,,filled,up,56,1,470,,,,,1,1,3,0.6,,,18.8
2026-09-24T09:45Z,1790243100,4877098,INTL_PROXY,up,813,,no_fill,,,,,,,,,0,0,,,,,18.8
2026-09-24T10:00Z,1790244000,4877681,INTL_PROXY,down,938,,no_fill,,,,,,,,,0,0,,,,,18.8
2026-09-24T10:15Z,1790244900,4877806,INTL_PROXY,up,1133,,no_fill,,,,,,,,,1,1,,,,,18.8
2026-09-24T10:30Z,1790245800,4878462,INTL_PROXY,up,414,,no_fill,,,,,,,,,0,0,,,,,18.8
2026-09-24T10:45Z,1790246700,4878986,INTL_PROXY,up,737,,no_fill,,,,,,,,,0,0,,,,,18.8
2026-09-24T11:00Z,1790247600,4879042,INTL_PROXY,up,705,,no_fill,,,,,,,,,0,0,,,,,18.8
2026-09-24T11:15Z,1790248500,4879117,INTL_PROXY,down,636,,no_fill,,,,,,,,,0,0,,,,,18.8
2026-09-24T11:30Z,1790249400,4879201,INTL_PROXY,down,432,,no_fill,,,,,,,,,0,0,,,,,18.8
2026-09-24T11:45Z,1790250300,4879453,INTL_PROXY,up,715,,no_fill,,,,,,,,,0,0,,,,,18.8
2026-09-24T12:00Z,1790251200,4879665,INTL_PROXY,up,919,,filled,up,79,1,528,,,,,1,1,3,0.6,,,19.4
2026-09-24T12:15Z,1790252100,4879814,INTL_PROXY,up,912,,no_fill,,,,,,,,,0,0,,,,,19.4
2026-09-24T12:30Z,1790253000,4880137,INTL_PROXY,down,694,,no_fill,,,,,,,,,0,0,,,,,19.4
2026-09-24T12:45Z,1790253900,4880461,INTL_PROXY,up,531,,no_fill,,,,,,,,,0,0,,,,,19.4
2026-09-24T13:00Z,1790254800,4880870,INTL_PROXY,up,615,,no_fill,,,,,,,,,0,0,,,,,19.4
2026-09-24T13:15Z,1790255700,4880920,INTL_PROXY,up,822,,no_fill,,,,,,,,,0,0,,,,,19.4
2026-09-24T13:30Z,1790256600,4881032,INTL_PROXY,up,889,,filled,down,95,0,,,,,,1,0,3,-0.75,,,18.65
2026-09-24T13:45Z,1790257500,4881649,INTL_PROXY,up,746,,no_fill,,,,,,,,,0,0,,,,,18.65
2026-09-24T14:00Z,1790258400,4881767,INTL_PROXY,up,1027,,no_fill,,,,,,,,,0,0,,,,,18.65
2026-09-24T14:15Z,1790259300,4882004,INTL_PROXY,up,555,,no_fill,,,,,,,,,0,0,,,,,18.65
2026-09-24T14:30Z,1790260200,4882096,INTL_PROXY,down,461,,filled,up,92,1,135,,,,,1,1,3,0.6,,,19.25
2026-09-24T14:45Z,1790261100,4882395,INTL_PROXY,down,382,,no_fill,,,,,,,,,0,0,,,,,19.25
2026-09-24T15:00Z,1790262000,4882435,INTL_PROXY,up,633,,no_fill,,,,,,,,,0,0,,,,,19.25
2026-09-24T15:15Z,1790262900,4882581,INTL_PROXY,up,430,,no_fill,,,,,,,,,0,0,,,,,19.25
2026-09-24T15:30Z,1790263800,4882706,INTL_PROXY,up,529,,no_fill,,,,,,,,,0,0,,,,,19.25
2026-09-24T15:45Z,1790264700,4882934,INTL_PROXY,up,743,,no_fill,,,,,,,,,0,0,,,,,19.25
2026-09-24T16:00Z,1790265600,4883067,INTL_PROXY,down,451,,filled,up,60,0,,,,,,1,0,3,-0.75,,,18.5
2026-09-24T16:15Z,1790266500,4883317,INTL_PROXY,up,487,,filled,down,8,0,,,,,,1,0,3,-0.75,,,17.75
2026-09-24T16:30Z,1790267400,4883734,INTL_PROXY,down,1178,,filled,up,101,1,618,,,,,1,1,3,0.6,,,18.35
2026-09-24T16:45Z,1790268300,4884441,INTL_PROXY,down,606,,no_fill,,,,,,,,,0,0,,,,,18.35
2026-09-24T17:00Z,1790269200,4884575,INTL_PROXY,down,647,,no_fill,,,,,,,,,1,1,,,,,18.35
2026-09-24T17:15Z,1790270100,4885073,INTL_PROXY,down,535,,no_fill,,,,,,,,,0,0,,,,,18.35
2026-09-24T17:30Z,1790271000,4885210,INTL_PROXY,down,538,,no_fill,,,,,,,,,0,0,,,,,18.35
2026-09-24T17:45Z,1790271900,4885529,INTL_PROXY,down,712,,no_fill,,,,,,,,,0,0,,,,,18.35
2026-09-24T18:00Z,1790272800,4885940,INTL_PROXY,up,874,,no_fill,,,,,,,,,0,0,,,,,18.35
2026-09-24T18:15Z,1790273700,4886103,INTL_PROXY,up,522,,filled,down,104,0,,,,,,1,0,3,-0.75,,,17.6
2026-09-24T18:30Z,1790274600,4886149,INTL_PROXY,down,1088,,no_fill,,,,,,,,,0,0,,,,,17.6
2026-09-24T18:45Z,1790275500,4886482,INTL_PROXY,up,598,,no_fill,,,,,,,,,0,0,,,,,17.6
2026-09-24T19:00Z,1790276400,4887605,INTL_PROXY,up,947,,filled,up,104,1,525,,,,,1,1,3,0.6,,,18.2
2026-09-24T19:15Z,1790277300,4888844,INTL_PROXY,up,863,,no_fill,,,,,,,,,0,0,,,,,18.2
2026-09-24T19:30Z,1790278200,4889741,INTL_PROXY,down,515,,no_fill,,,,,,,,,0,0,,,,,18.2
2026-09-24T19:45Z,1790279100,4889826,INTL_PROXY,down,1045,,no_fill,,,,,,,,,0,0,,,,,18.2
2026-09-24T20:00Z,1790280000,4890052,INTL_PROXY,down,704,,no_fill,,,,,,,,,0,0,,,,,18.2
2026-09-24T20:15Z,1790280900,4890592,INTL_PROXY,down,731,,no_fill,,,,,,,,,0,0,,,,,18.2
2026-09-24T20:30Z,1790281800,4890935,INTL_PROXY,up,534,,no_fill,,,,,,,,,0,0,,,,,18.2
2026-09-24T20:45Z,1790282700,4892609,INTL_PROXY,down,922,,no_fill,,,,,,,,,0,0,,,,,18.2
2026-09-24T21:00Z,1790283600,4892860,INTL_PROXY,down,678,,no_fill,,,,,,,,,0,0,,,,,18.2
2026-09-24T21:15Z,1790284500,4893232,INTL_PROXY,up,526,,no_fill,,,,,,,,,0,0,,,,,18.2
2026-09-24T21:30Z,1790285400,4893315,INTL_PROXY,up,785,,no_fill,,,,,,,,,0,0,,,,,18.2
2026-09-24T21:45Z,1790286300,4893510,INTL_PROXY,down,520,,no_fill,,,,,,,,,0,0,,,,,18.2
2026-09-24T22:00Z,1790287200,4893773,INTL_PROXY,down,944,,filled,up,66,1,195,,,,,1,1,3,0.6,,,18.8
2026-09-24T22:15Z,1790288100,4894337,INTL_PROXY,down,607,,filled,up,113,0,,,,,,1,0,3,-0.75,,,18.05
2026-09-24T22:30Z,1790289000,4894443,INTL_PROXY,down,749,,no_fill,,,,,,,,,0,0,,,,,18.05
2026-09-24T22:45Z,1790289900,4894677,INTL_PROXY,up,1239,,no_fill,,,,,,,,,0,0,,,,,18.05
2026-09-24T23:00Z,1790290800,4894872,INTL_PROXY,up,922,,no_fill,,,,,,,,,0,0,,,,,18.05
2026-09-24T23:15Z,1790291700,4895167,INTL_PROXY,up,827,,no_fill,,,,,,,,,0,0,,,,,18.05
2026-09-24T23:30Z,1790292600,4895241,INTL_PROXY,down,2208,,no_fill,,,,,,,,,0,0,,,,,18.05
2026-09-24T23:45Z,1790293500,4895487,INTL_PROXY,down,2244,,no_fill,,,,,,,,,0,0,,,,,18.05
2026-09-25T00:00Z,1790294400,4895601,INTL_PROXY,up,758,,no_fill,,,,,,,,,0,0,,,,,18.05
2026-09-25T00:15Z,1790295300,4895742,INTL_PROXY,up,1955,,no_fill,,,,,,,,,0,0,,,,,18.05
2026-09-25T00:30Z,1790296200,4896296,INTL_PROXY,down,1560,,filled,up,60,1,689,,,,,1,1,3,0.6,,,18.65
2026-09-25T00:45Z,1790297100,4896516,INTL_PROXY,down,2202,,no_fill,,,,,,,,,0,0,,,,,18.65
2026-09-25T01:00Z,1790298000,4896588,INTL_PROXY,up,491,,no_fill,,,,,,,,,0,0,,,,,18.65
2026-09-25T01:15Z,1790298900,4896876,INTL_PROXY,down,414,,no_fill,,,,,,,,,0,0,,,,,18.65
2026-09-25T01:30Z,1790299800,4897088,INTL_PROXY,down,798,,filled,up,51,1,743,,,,,1,1,3,0.6,,,19.25
2026-09-25T01:45Z,1790300700,4897159,INTL_PROXY,up,630,,no_fill,,,,,,,,,0,0,,,,,19.25
2026-09-25T02:00Z,1790301600,4897455,INTL_PROXY,up,360,,no_fill,,,,,,,,,0,0,,,,,19.25
2026-09-25T02:15Z,1790302500,4897599,INTL_PROXY,down,509,,no_fill,,,,,,,,,0,0,,,,,19.25
2026-09-25T02:30Z,1790303400,4897681,INTL_PROXY,down,418,,no_fill,,,,,,,,,0,0,,,,,19.25
2026-09-25T02:45Z,1790304300,4898343,INTL_PROXY,down,394,,filled,up,69,0,,,,,,1,0,3,-0.75,,,18.5
2026-09-25T03:00Z,1790305200,4898414,INTL_PROXY,up,708,,no_fill,,,,,,,,,0,0,,,,,18.5
2026-09-25T03:15Z,1790306100,4898724,INTL_PROXY,down,654,,filled,down,59,1,104,,,,,1,1,3,0.6,,,19.1
2026-09-25T03:30Z,1790307000,4898896,INTL_PROXY,up,450,,no_fill,,,,,,,,,0,0,,,,,19.1
2026-09-25T03:45Z,1790307900,4899015,INTL_PROXY,down,852,,no_fill,,,,,,,,,1,1,,,,,19.1
2026-09-25T04:00Z,1790308800,4899166,INTL_PROXY,down,614,,no_fill,,,,,,,,,0,0,,,,,19.1
2026-09-25T04:15Z,1790309700,4899523,INTL_PROXY,up,599,,no_fill,,,,,,,,,0,0,,,,,19.1
2026-09-25T04:30Z,1790310600,4900353,INTL_PROXY,up,378,,no_fill,,,,,,,,,0,0,,,,,19.1
2026-09-25T04:45Z,1790311500,4900497,INTL_PROXY,down,522,,no_fill,,,,,,,,,0,0,,,,,19.1
2026-09-25T05:00Z,1790312400,4900958,INTL_PROXY,down,937,,no_fill,,,,,,,,,0,0,,,,,19.1
2026-09-25T05:15Z,1790313300,4901233,INTL_PROXY,down,882,,no_fill,,,,,,,,,0,0,,,,,19.1
2026-09-25T05:30Z,1790314200,4901265,INTL_PROXY,up,563,,no_fill,,,,,,,,,0,0,,,,,19.1
2026-09-25T05:45Z,1790315100,4901428,INTL_PROXY,down,597,,no_fill,,,,,,,,,0,0,,,,,19.1
2026-09-25T06:00Z,1790316000,4901501,INTL_PROXY,down,598,,no_fill,,,,,,,,,0,0,,,,,19.1
2026-09-25T06:15Z,1790316900,4902424,INTL_PROXY,up,607,,no_fill,,,,,,,,,0,0,,,,,19.1
2026-09-25T06:30Z,1790317800,4902696,INTL_PROXY,down,500,,no_fill,,,,,,,,,0,0,,,,,19.1
2026-09-25T06:45Z,1790318700,4902799,INTL_PROXY,up,818,,no_fill,,,,,,,,,0,0,,,,,19.1
2026-09-25T07:00Z,1790319600,4902846,INTL_PROXY,down,484,,no_fill,,,,,,,,,0,0,,,,,19.1
2026-09-25T07:15Z,1790320500,4903288,INTL_PROXY,up,451,,no_fill,,,,,,,,,0,0,,,,,19.1
2026-09-25T07:30Z,1790321400,4903461,INTL_PROXY,down,355,,no_fill,,,,,,,,,0,0,,,,,19.1
2026-09-25T07:45Z,1790322300,4903534,INTL_PROXY,up,453,,no_fill,,,,,,,,,0,0,,,,,19.1
2026-09-25T08:00Z,1790323200,4903714,INTL_PROXY,up,971,,no_fill,,,,,,,,,0,0,,,,,19.1
2026-09-25T08:15Z,1790324100,4903851,INTL_PROXY,up,384,,no_fill,,,,,,,,,0,0,,,,,19.1
2026-09-25T08:30Z,1790325000,4903920,INTL_PROXY,down,488,,no_fill,,,,,,,,,1,0,,,,,19.1
2026-09-25T08:45Z,1790325900,4904261,INTL_PROXY,up,541,,no_fill,,,,,,,,,0,0,,,,,19.1
2026-09-25T09:00Z,1790326800,4904359,INTL_PROXY,up,432,,no_fill,,,,,,,,,0,0,,,,,19.1
2026-09-25T09:15Z,1790327700,4904519,INTL_PROXY,up,736,,no_fill,,,,,,,,,0,0,,,,,19.1
2026-09-25T09:30Z,1790328600,4904560,INTL_PROXY,down,515,,no_fill,,,,,,,,,0,0,,,,,19.1
2026-09-25T09:45Z,1790329500,4904639,INTL_PROXY,down,757,,no_fill,,,,,,,,,0,0,,,,,19.1
2026-09-25T10:00Z,1790330400,4904878,INTL_PROXY,down,440,,filled,up,80,0,,,,,,1,0,3,-0.75,,,18.35
2026-09-25T10:15Z,1790331300,4904938,INTL_PROXY,up,511,,no_fill,,,,,,,,,0,0,,,,,18.35
2026-09-25T10:30Z,1790332200,4905043,INTL_PROXY,up,703,,no_fill,,,,,,,,,0,0,,,,,18.35
2026-09-25T10:45Z,1790333100,4905193,INTL_PROXY,down,881,,no_fill,,,,,,,,,0,0,,,,,18.35
2026-09-25T11:00Z,1790334000,4905262,INTL_PROXY,up,387,,no_fill,,,,,,,,,0,0,,,,,18.35
2026-09-25T11:15Z,1790334900,4905326,INTL_PROXY,down,522,,no_fill,,,,,,,,,0,0,,,,,18.35
2026-09-25T11:30Z,1790335800,4905426,INTL_PROXY,down,610,,no_fill,,,,,,,,,0,0,,,,,18.35
2026-09-25T11:45Z,1790336700,4905660,INTL_PROXY,down,589,,no_fill,,,,,,,,,0,0,,,,,18.35
2026-09-25T12:00Z,1790337600,4906465,INTL_PROXY,down,698,,no_fill,,,,,,,,,0,0,,,,,18.35
2026-09-25T12:15Z,1790338500,4905977,INTL_PROXY,up,1054,,filled,up,62,1,705,,,,,1,1,3,0.6,,,18.95
2026-09-25T12:30Z,1790339400,4906076,INTL_PROXY,up,992,,no_fill,,,,,,,,,0,0,,,,,18.95
2026-09-25T12:45Z,1790340300,4906353,INTL_PROXY,up,795,,no_fill,,,,,,,,,0,0,,,,,18.95
2026-09-25T13:00Z,1790341200,4906520,INTL_PROXY,down,696,,filled,up,69,1,150,,,,,1,1,3,0.6,,,19.55
2026-09-25T13:15Z,1790342100,4906697,INTL_PROXY,down,478,,filled,down,66,1,179,,,,,1,1,3,0.6,,,20.15
2026-09-25T13:30Z,1790343000,4906846,INTL_PROXY,down,1052,,filled,up,83,1,326,,,,,1,1,4,0.8,,,20.95
2026-09-25T13:45Z,1790343900,4906953,INTL_PROXY,up,962,,no_fill,,,,,,,,,0,0,,,,,20.95
2026-09-25T14:00Z,1790344800,4907183,INTL_PROXY,down,556,,no_fill,,,,,,,,,0,0,,,,,20.95
2026-09-25T14:15Z,1790345700,4907330,INTL_PROXY,up,960,,no_fill,,,,,,,,,0,0,,,,,20.95
2026-09-25T14:30Z,1790346600,4908120,INTL_PROXY,up,996,,no_fill,,,,,,,,,0,0,,,,,20.95
2026-09-25T14:45Z,1790347500,4908345,INTL_PROXY,up,575,,no_fill,,,,,,,,,0,0,,,,,20.95
2026-09-25T15:00Z,1790348400,4908493,INTL_PROXY,down,961,,no_fill,,,,,,,,,0,0,,,,,20.95
2026-09-25T15:15Z,1790349300,4908703,INTL_PROXY,down,632,,no_fill,,,,,,,,,0,0,,,,,20.95
2026-09-25T15:30Z,1790350200,4908769,INTL_PROXY,down,663,,no_fill,,,,,,,,,0,0,,,,,20.95
2026-09-25T15:45Z,1790351100,4908983,INTL_PROXY,up,815,,no_fill,,,,,,,,,0,0,,,,,20.95
2026-09-25T16:00Z,1790352000,4909166,INTL_PROXY,up,657,,filled,down,89,0,,,,,,1,0,4,-1.0,,,19.95
2026-09-25T16:15Z,1790352900,4909510,INTL_PROXY,up,813,,no_fill,,,,,,,,,0,0,,,,,19.95
2026-09-25T16:30Z,1790353800,4909604,INTL_PROXY,down,901,,no_fill,,,,,,,,,0,0,,,,,19.95
2026-09-25T16:45Z,1790354700,4909945,INTL_PROXY,down,529,,no_fill,,,,,,,,,0,0,,,,,19.95
2026-09-25T17:00Z,1790355600,4910100,INTL_PROXY,up,383,,filled,down,111,0,,,,,,1,0,3,-0.75,,,19.2
2026-09-25T17:15Z,1790356500,4910292,INTL_PROXY,down,406,,no_fill,,,,,,,,,0,0,,,,,19.2
2026-09-25T17:30Z,1790357400,4910367,INTL_PROXY,up,592,,no_fill,,,,,,,,,0,0,,,,,19.2
2026-09-25T17:45Z,1790358300,4910691,INTL_PROXY,down,407,,no_fill,,,,,,,,,0,0,,,,,19.2
2026-09-25T18:00Z,1790359200,4910820,INTL_PROXY,up,345,,filled,down,101,0,,,,,,1,0,3,-0.75,,,18.45
2026-09-25T18:15Z,1790360100,4910971,INTL_PROXY,down,743,,no_fill,,,,,,,,,0,0,,,,,18.45
2026-09-25T18:30Z,1790361000,4911015,INTL_PROXY,up,813,,no_fill,,,,,,,,,0,0,,,,,18.45
2026-09-25T18:45Z,1790361900,4911149,INTL_PROXY,down,852,,no_fill,,,,,,,,,0,0,,,,,18.45
2026-09-25T19:00Z,1790362800,4911894,INTL_PROXY,up,715,,no_fill,,,,,,,,,0,0,,,,,18.45
2026-09-25T19:15Z,1790363700,4913346,INTL_PROXY,down,600,,no_fill,,,,,,,,,1,1,,,,,18.45
2026-09-25T19:30Z,1790364600,4913667,INTL_PROXY,down,795,,no_fill,,,,,,,,,0,0,,,,,18.45
2026-09-25T19:45Z,1790365500,4913900,INTL_PROXY,up,641,,filled,down,119,1,297,,,,,1,1,3,0.6,,,19.05
2026-09-25T20:00Z,1790366400,4914096,INTL_PROXY,down,512,,no_fill,,,,,,,,,0,0,,,,,19.05
2026-09-25T20:15Z,1790367300,4914483,INTL_PROXY,up,369,,no_fill,,,,,,,,,0,0,,,,,19.05
2026-09-25T20:30Z,1790368200,4914692,INTL_PROXY,up,840,,no_fill,,,,,,,,,0,0,,,,,19.05
2026-09-25T20:45Z,1790369100,4915481,INTL_PROXY,down,368,,no_fill,,,,,,,,,0,0,,,,,19.05
2026-09-25T21:00Z,1790370000,4915755,INTL_PROXY,down,493,,no_fill,,,,,,,,,0,0,,,,,19.05
2026-09-25T21:15Z,1790370900,4924413,INTL_PROXY,up,706,,no_fill,,,,,,,,,0,0,,,,,19.05
2026-09-25T21:30Z,1790371800,4924746,INTL_PROXY,up,663,,no_fill,,,,,,,,,0,0,,,,,19.05
2026-09-25T21:45Z,1790372700,4925746,INTL_PROXY,down,1302,,no_fill,,,,,,,,,0,0,,,,,19.05
2026-09-25T22:00Z,1790373600,4926275,INTL_PROXY,up,508,,no_fill,,,,,,,,,0,0,,,,,19.05
2026-09-25T22:15Z,1790374500,4926720,INTL_PROXY,down,809,,no_fill,,,,,,,,,0,0,,,,,19.05
2026-09-25T22:30Z,1790375400,4926905,INTL_PROXY,up,412,,no_fill,,,,,,,,,0,0,,,,,19.05
2026-09-25T22:45Z,1790376300,4927061,INTL_PROXY,up,2036,,no_fill,,,,,,,,,0,0,,,,,19.05
2026-09-25T23:00Z,1790377200,4927163,INTL_PROXY,down,1813,,no_fill,,,,,,,,,0,0,,,,,19.05
2026-09-25T23:15Z,1790378100,4927354,INTL_PROXY,up,1371,,no_fill,,,,,,,,,0,0,,,,,19.05
2026-09-25T23:30Z,1790379000,4927432,INTL_PROXY,down,1082,,no_fill,,,,,,,,,0,0,,,,,19.05
2026-09-25T23:45Z,1790379900,4927662,INTL_PROXY,up,2495,,no_fill,,,,,,,,,0,0,,,,,19.05
2026-09-26T00:00Z,1790380800,4927752,INTL_PROXY,down,955,,no_fill,,,,,,,,,0,0,,,,,19.05
2026-09-26T00:15Z,1790381700,4927890,INTL_PROXY,down,582,,no_fill,,,,,,,,,0,0,,,,,19.05
2026-09-26T00:30Z,1790382600,4927958,INTL_PROXY,down,831,,filled,up,111,0,,,,,,1,0,3,-0.75,,,18.3
2026-09-26T00:45Z,1790383500,4928083,INTL_PROXY,down,1004,,no_fill,,,,,,,,,0,0,,,,,18.3
2026-09-26T01:00Z,1790384400,4928196,INTL_PROXY,up,587,,filled,down,96,0,,,,,,1,0,3,-0.75,,,17.55
2026-09-26T01:15Z,1790385300,4928261,INTL_PROXY,up,645,,no_fill,,,,,,,,,0,0,,,,,17.55
2026-09-26T01:30Z,1790386200,4928324,INTL_PROXY,up,433,,no_fill,,,,,,,,,0,0,,,,,17.55
2026-09-26T01:45Z,1790387100,4928578,INTL_PROXY,up,420,,no_fill,,,,,,,,,0,0,,,,,17.55
2026-09-26T02:00Z,1790388000,4934649,INTL_PROXY,up,670,,filled,up,74,1,830,,,,,1,1,3,0.6,,,18.15
2026-09-26T02:15Z,1790388900,4934746,INTL_PROXY,down,578,,no_fill,,,,,,,,,0,0,,,,,18.15
2026-09-26T02:30Z,1790389800,4934792,INTL_PROXY,down,417,,no_fill,,,,,,,,,0,0,,,,,18.15
2026-09-26T02:45Z,1790390700,4935032,INTL_PROXY,down,2954,,no_fill,,,,,,,,,0,0,,,,,18.15
2026-09-26T03:00Z,1790391600,4935125,INTL_PROXY,down,2362,,no_fill,,,,,,,,,0,0,,,,,18.15
2026-09-26T03:15Z,1790392500,4935519,INTL_PROXY,up,406,,no_fill,,,,,,,,,0,0,,,,,18.15
2026-09-26T03:30Z,1790393400,4935558,INTL_PROXY,down,897,,no_fill,,,,,,,,,0,0,,,,,18.15
2026-09-26T03:45Z,1790394300,4935647,INTL_PROXY,down,1639,,no_fill,,,,,,,,,0,0,,,,,18.15
2026-09-26T04:00Z,1790395200,4937325,INTL_PROXY,up,430,,filled,down,86,0,,,,,,1,0,3,-0.75,,,17.4
2026-09-26T04:15Z,1790396100,4941892,INTL_PROXY,down,420,,no_fill,,,,,,,,,0,0,,,,,17.4
2026-09-26T04:30Z,1790397000,4942396,INTL_PROXY,up,413,,no_fill,,,,,,,,,0,0,,,,,17.4
2026-09-26T04:45Z,1790397900,4942516,INTL_PROXY,up,449,,no_fill,,,,,,,,,0,0,,,,,17.4
2026-09-26T05:00Z,1790398800,4943027,INTL_PROXY,down,619,,no_fill,,,,,,,,,0,0,,,,,17.4
2026-09-26T05:15Z,1790399700,4943503,INTL_PROXY,down,584,,no_fill,,,,,,,,,0,0,,,,,17.4
2026-09-26T05:30Z,1790400600,4944031,INTL_PROXY,up,513,,no_fill,,,,,,,,,0,0,,,,,17.4
2026-09-26T05:45Z,1790401500,4944128,INTL_PROXY,down,451,,no_fill,,,,,,,,,0,0,,,,,17.4
2026-09-26T06:00Z,1790402400,4944183,INTL_PROXY,down,1336,,no_fill,,,,,,,,,0,0,,,,,17.4
2026-09-26T06:15Z,1790403300,4944325,INTL_PROXY,up,850,,no_fill,,,,,,,,,0,0,,,,,17.4
2026-09-26T06:30Z,1790404200,4944387,INTL_PROXY,down,3382,,no_fill,,,,,,,,,0,0,,,,,17.4
2026-09-26T06:45Z,1790405100,4944461,INTL_PROXY,down,2487,,no_fill,,,,,,,,,0,0,,,,,17.4
2026-09-26T07:00Z,1790406000,4944550,INTL_PROXY,up,737,,no_fill,,,,,,,,,0,0,,,,,17.4
2026-09-26T07:15Z,1790406900,4944837,INTL_PROXY,up,607,,no_fill,,,,,,,,,0,0,,,,,17.4
2026-09-26T07:30Z,1790407800,4945150,INTL_PROXY,up,580,,no_fill,,,,,,,,,0,0,,,,,17.4
2026-09-26T07:45Z,1790408700,4945215,INTL_PROXY,up,444,,no_fill,,,,,,,,,0,0,,,,,17.4
2026-09-26T08:00Z,1790409600,4945348,INTL_PROXY,down,520,,no_fill,,,,,,,,,0,0,,,,,17.4
2026-09-26T08:15Z,1790410500,4945427,INTL_PROXY,up,1114,,no_fill,,,,,,,,,0,0,,,,,17.4
2026-09-26T08:30Z,1790411400,4945518,INTL_PROXY,up,421,,filled,down,95,0,,,,,,1,0,3,-0.75,,,16.65
2026-09-26T08:45Z,1790412300,4945722,INTL_PROXY,down,427,,no_fill,,,,,,,,,1,0,,,,,16.65
2026-09-26T09:00Z,1790413200,4945781,INTL_PROXY,down,447,,no_fill,,,,,,,,,0,0,,,,,16.65
2026-09-26T09:15Z,1790414100,4946052,INTL_PROXY,up,829,,no_fill,,,,,,,,,0,0,,,,,16.65
2026-09-26T09:30Z,1790415000,4946156,INTL_PROXY,down,682,,no_fill,,,,,,,,,0,0,,,,,16.65
2026-09-26T09:45Z,1790415900,4946246,INTL_PROXY,down,1084,,no_fill,,,,,,,,,0,0,,,,,16.65
2026-09-26T10:00Z,1790416800,4946362,INTL_PROXY,up,281,,no_fill,,,,,,,,,0,0,,,,,16.65
2026-09-26T10:15Z,1790417700,4946670,INTL_PROXY,up,611,,no_fill,,,,,,,,,0,0,,,,,16.65
2026-09-26T10:30Z,1790418600,4946706,INTL_PROXY,up,738,,no_fill,,,,,,,,,0,0,,,,,16.65
2026-09-26T10:45Z,1790419500,4946850,INTL_PROXY,up,721,,no_fill,,,,,,,,,0,0,,,,,16.65
2026-09-26T11:00Z,1790420400,4946911,INTL_PROXY,up,845,,filled,up,89,1,197,,,,,1,1,3,0.6,,,17.25
2026-09-26T11:15Z,1790421300,4946981,INTL_PROXY,down,516,,no_fill,,,,,,,,,0,0,,,,,17.25
2026-09-26T11:30Z,1790422200,4947044,INTL_PROXY,up,431,,no_fill,,,,,,,,,0,0,,,,,17.25
2026-09-26T11:45Z,1790423100,4947183,INTL_PROXY,down,546,,no_fill,,,,,,,,,0,0,,,,,17.25
2026-09-26T12:00Z,1790424000,4947378,INTL_PROXY,down,668,,no_fill,,,,,,,,,0,0,,,,,17.25
2026-09-26T12:15Z,1790424900,4947845,INTL_PROXY,down,700,,filled,down,56,1,362,,,,,1,1,3,0.6,,,17.85
2026-09-26T12:30Z,1790425800,4948084,INTL_PROXY,down,599,,no_fill,,,,,,,,,0,0,,,,,17.85
2026-09-26T12:45Z,1790426700,4948546,INTL_PROXY,up,2777,,no_fill,,,,,,,,,0,0,,,,,17.85
2026-09-26T13:00Z,1790427600,4948682,INTL_PROXY,down,1286,,no_fill,,,,,,,,,0,0,,,,,17.85
2026-09-26T13:15Z,1790428500,4948962,INTL_PROXY,down,664,,no_fill,,,,,,,,,0,0,,,,,17.85
2026-09-26T13:30Z,1790429400,4949302,INTL_PROXY,up,1053,,no_fill,,,,,,,,,0,0,,,,,17.85
2026-09-26T13:45Z,1790430300,4949409,INTL_PROXY,up,747,,no_fill,,,,,,,,,0,0,,,,,17.85
2026-09-26T14:00Z,1790431200,4949550,INTL_PROXY,up,5152,,no_fill,,,,,,,,,0,0,,,,,17.85
2026-09-26T14:15Z,1790432100,4949668,INTL_PROXY,up,399,,no_fill,,,,,,,,,0,0,,,,,17.85
2026-09-26T14:30Z,1790433000,4949724,INTL_PROXY,up,455,,no_fill,,,,,,,,,0,0,,,,,17.85
2026-09-26T14:45Z,1790433900,4950068,INTL_PROXY,up,1024,,no_fill,,,,,,,,,0,0,,,,,17.85
2026-09-26T15:00Z,1790434800,4950129,INTL_PROXY,up,2249,,no_fill,,,,,,,,,0,0,,,,,17.85
2026-09-26T15:15Z,1790435700,4950202,INTL_PROXY,up,709,,no_fill,,,,,,,,,0,0,,,,,17.85
2026-09-26T15:30Z,1790436600,4950338,INTL_PROXY,up,600,,filled,down,107,0,,,,,,1,0,3,-0.75,,,17.1
2026-09-26T15:45Z,1790437500,4950418,INTL_PROXY,up,2835,,no_fill,,,,,,,,,0,0,,,,,17.1
2026-09-26T16:00Z,1790438400,4950606,INTL_PROXY,down,1436,,no_fill,,,,,,,,,0,0,,,,,17.1
2026-09-26T16:15Z,1790439300,4950814,INTL_PROXY,down,2033,,no_fill,,,,,,,,,0,0,,,,,17.1
2026-09-26T16:30Z,1790440200,4950883,INTL_PROXY,up,1157,,no_fill,,,,,,,,,0,0,,,,,17.1
2026-09-26T16:45Z,1790441100,4951257,INTL_PROXY,down,1908,,no_fill,,,,,,,,,0,0,,,,,17.1
2026-09-26T17:00Z,1790442000,4951361,INTL_PROXY,down,1892,,no_fill,,,,,,,,,0,0,,,,,17.1
2026-09-26T17:15Z,1790442900,4951590,INTL_PROXY,down,1719,,no_fill,,,,,,,,,0,0,,,,,17.1
2026-09-26T17:30Z,1790443800,4952172,INTL_PROXY,up,2388,,no_fill,,,,,,,,,0,0,,,,,17.1
2026-09-26T17:45Z,1790444700,4952616,INTL_PROXY,up,399,,no_fill,,,,,,,,,0,0,,,,,17.1
2026-09-26T18:00Z,1790445600,4954745,INTL_PROXY,down,3079,,no_fill,,,,,,,,,0,0,,,,,17.1
2026-09-26T18:15Z,1790446500,4954898,INTL_PROXY,down,520,,no_fill,,,,,,,,,0,0,,,,,17.1
2026-09-26T18:30Z,1790447400,4955228,INTL_PROXY,down,3593,,no_fill,,,,,,,,,0,0,,,,,17.1
2026-09-26T18:45Z,1790448300,4955395,INTL_PROXY,down,3074,,no_fill,,,,,,,,,0,0,,,,,17.1
2026-09-26T19:00Z,1790449200,4956419,INTL_PROXY,up,3174,,filled,down,75,0,,,,,,1,0,3,-0.75,,,16.35
2026-09-26T19:15Z,1790450100,4957557,INTL_PROXY,up,2306,,no_fill,,,,,,,,,0,0,,,,,16.35
2026-09-26T19:30Z,1790451000,4958479,INTL_PROXY,down,1189,,no_fill,,,,,,,,,0,0,,,,,16.35
2026-09-26T19:45Z,1790451900,4958997,INTL_PROXY,up,715,,no_fill,,,,,,,,,0,0,,,,,16.35
2026-09-26T20:00Z,1790452800,4959612,INTL_PROXY,down,787,,no_fill,,,,,,,,,0,0,,,,,16.35
2026-09-26T20:15Z,1790453700,4960132,INTL_PROXY,up,365,,no_fill,,,,,,,,,0,0,,,,,16.35
2026-09-26T20:30Z,1790454600,4961009,INTL_PROXY,down,369,,no_fill,,,,,,,,,0,0,,,,,16.35
2026-09-26T20:45Z,1790455500,4961537,INTL_PROXY,up,545,,filled,down,36,1,150,,,,,1,1,3,0.6,,,16.95
2026-09-26T21:00Z,1790456400,4961741,INTL_PROXY,up,329,,no_fill,,,,,,,,,0,0,,,,,16.95
2026-09-26T21:15Z,1790457300,4962076,INTL_PROXY,up,482,,no_fill,,,,,,,,,0,0,,,,,16.95
2026-09-26T21:30Z,1790458200,4962595,INTL_PROXY,down,893,,filled,down,14,1,632,,,,,1,1,3,0.6,,,17.55
2026-09-26T21:45Z,1790459100,4962986,INTL_PROXY,down,690,,no_fill,,,,,,,,,0,0,,,,,17.55
2026-09-26T22:00Z,1790460000,4964111,INTL_PROXY,up,425,,filled,down,87,0,,,,,,1,0,3,-0.75,,,16.8
2026-09-26T22:15Z,1790460900,4964560,INTL_PROXY,up,1443,,no_fill,,,,,,,,,0,0,,,,,16.8
2026-09-26T22:30Z,1790461800,4964829,INTL_PROXY,down,460,,no_fill,,,,,,,,,0,0,,,,,16.8
2026-09-26T22:45Z,1790462700,4965086,INTL_PROXY,down,2187,,no_fill,,,,,,,,,0,0,,,,,16.8
2026-09-26T23:00Z,1790463600,4965353,INTL_PROXY,up,731,,filled,down,119,0,,,,,,1,0,3,-0.75,,,16.05
2026-09-26T23:15Z,1790464500,4965744,INTL_PROXY,up,2978,,no_fill,,,,,,,,,0,0,,,,,16.05
2026-09-26T23:30Z,1790465400,4965854,INTL_PROXY,down,2222,,no_fill,,,,,,,,,0,0,,,,,16.05
2026-09-26T23:45Z,1790466300,4966142,INTL_PROXY,up,776,,filled,down,101,0,,,,,,1,0,3,-0.75,,,15.3
2026-09-27T00:00Z,1790467200,4966375,INTL_PROXY,down,634,,no_fill,,,,,,,,,0,0,,,,,15.3
2026-09-27T00:15Z,1790468100,4967293,INTL_PROXY,down,354,,no_fill,,,,,,,,,0,0,,,,,15.3
2026-09-27T00:30Z,1790469000,4967755,INTL_PROXY,up,722,,no_fill,,,,,,,,,0,0,,,,,15.3
2026-09-27T00:45Z,1790469900,4967915,INTL_PROXY,down,1528,,no_fill,,,,,,,,,0,0,,,,,15.3
2026-09-27T01:00Z,1790470800,4968175,INTL_PROXY,up,443,,no_fill,,,,,,,,,0,0,,,,,15.3
2026-09-27T01:15Z,1790471700,4968451,INTL_PROXY,down,942,,no_fill,,,,,,,,,0,0,,,,,15.3
2026-09-27T01:30Z,1790472600,4968488,INTL_PROXY,up,989,,no_fill,,,,,,,,,0,0,,,,,15.3
2026-09-27T01:45Z,1790473500,4968584,INTL_PROXY,up,479,,no_fill,,,,,,,,,0,0,,,,,15.3
2026-09-27T02:00Z,1790474400,4968756,INTL_PROXY,down,766,,no_fill,,,,,,,,,0,0,,,,,15.3
2026-09-27T02:15Z,1790475300,4969152,INTL_PROXY,up,530,,no_fill,,,,,,,,,0,0,,,,,15.3
2026-09-27T02:30Z,1790476200,4969344,INTL_PROXY,down,522,,no_fill,,,,,,,,,0,0,,,,,15.3
2026-09-27T02:45Z,1790477100,4969549,INTL_PROXY,down,595,,no_fill,,,,,,,,,0,0,,,,,15.3
2026-09-27T03:00Z,1790478000,4969634,INTL_PROXY,up,617,,no_fill,,,,,,,,,0,0,,,,,15.3
2026-09-27T03:15Z,1790478900,4969887,INTL_PROXY,down,333,,no_fill,,,,,,,,,0,0,,,,,15.3
2026-09-27T03:30Z,1790479800,4970119,INTL_PROXY,up,594,,no_fill,,,,,,,,,0,0,,,,,15.3
2026-09-27T03:45Z,1790480700,4970193,INTL_PROXY,up,703,,no_fill,,,,,,,,,0,0,,,,,15.3
2026-09-27T04:00Z,1790481600,4970838,INTL_PROXY,up,340,,no_fill,,,,,,,,,0,0,,,,,15.3
2026-09-27T04:15Z,1790482500,4971177,INTL_PROXY,down,484,,no_fill,,,,,,,,,0,0,,,,,15.3
2026-09-27T04:30Z,1790483400,4972133,INTL_PROXY,down,352,,filled,up,74,0,,,,,,1,0,3,-0.75,,,14.55
2026-09-27T04:45Z,1790484300,4972383,INTL_PROXY,up,492,,no_fill,,,,,,,,,0,0,,,,,14.55
2026-09-27T05:00Z,1790485200,4972951,INTL_PROXY,up,403,,no_fill,,,,,,,,,0,0,,,,,14.55
2026-09-27T05:15Z,1790486100,4973208,INTL_PROXY,up,437,,no_fill,,,,,,,,,0,0,,,,,14.55
2026-09-27T05:30Z,1790487000,4973242,INTL_PROXY,up,813,,no_fill,,,,,,,,,0,0,,,,,14.55
2026-09-27T05:45Z,1790487900,4973379,INTL_PROXY,down,478,,no_fill,,,,,,,,,0,0,,,,,14.55
2026-09-27T06:00Z,1790488800,4973495,INTL_PROXY,up,434,,no_fill,,,,,,,,,0,0,,,,,14.55
2026-09-27T06:15Z,1790489700,4973783,INTL_PROXY,up,843,,filled,up,104,1,215,,,,,1,1,2,0.4,,,14.95
2026-09-27T06:30Z,1790490600,4973891,INTL_PROXY,down,567,,no_fill,,,,,,,,,0,0,,,,,14.95
2026-09-27T06:45Z,1790491500,4973982,INTL_PROXY,up,1791,,no_fill,,,,,,,,,0,0,,,,,14.95
2026-09-27T07:00Z,1790492400,4974377,INTL_PROXY,up,1274,,no_fill,,,,,,,,,0,0,,,,,14.95
2026-09-27T07:15Z,1790493300,4974522,INTL_PROXY,up,1418,,no_fill,,,,,,,,,0,0,,,,,14.95
2026-09-27T07:30Z,1790494200,4974799,INTL_PROXY,up,965,,no_fill,,,,,,,,,0,0,,,,,14.95
2026-09-27T07:45Z,1790495100,4975042,INTL_PROXY,up,638,,no_fill,,,,,,,,,0,0,,,,,14.95
2026-09-27T08:00Z,1790496000,4975191,INTL_PROXY,up,1040,,no_fill,,,,,,,,,1,1,,,,,14.95
2026-09-27T08:15Z,1790496900,4975464,INTL_PROXY,up,1915,,no_fill,,,,,,,,,0,0,,,,,14.95
2026-09-27T08:30Z,1790497800,4975696,INTL_PROXY,down,2409,,no_fill,,,,,,,,,0,0,,,,,14.95
2026-09-27T08:45Z,1790498700,4975821,INTL_PROXY,up,3952,,no_fill,,,,,,,,,0,0,,,,,14.95
2026-09-27T09:00Z,1790499600,4976002,INTL_PROXY,down,435,,no_fill,,,,,,,,,1,0,,,,,14.95
2026-09-27T09:15Z,1790500500,4976270,INTL_PROXY,up,6028,,no_fill,,,,,,,,,0,0,,,,,14.95
2026-09-27T09:30Z,1790501400,4976360,INTL_PROXY,up,4770,,no_fill,,,,,,,,,0,0,,,,,14.95
2026-09-27T09:45Z,1790502300,4976450,INTL_PROXY,up,583,,filled,down,36,0,,,,,,1,0,2,-0.5,,,14.45
2026-09-27T10:00Z,1790503200,4976500,INTL_PROXY,up,7017,,no_fill,,,,,,,,,0,0,,,,,14.45
2026-09-27T10:15Z,1790504100,4976691,INTL_PROXY,down,653,,no_fill,,,,,,,,,0,0,,,,,14.45
2026-09-27T10:30Z,1790505000,4976732,INTL_PROXY,down,395,,no_fill,,,,,,,,,0,0,,,,,14.45
2026-09-27T10:45Z,1790505900,4976876,INTL_PROXY,up,828,,no_fill,,,,,,,,,0,0,,,,,14.45
2026-09-27T11:00Z,1790506800,4977007,INTL_PROXY,up,481,,no_fill,,,,,,,,,0,0,,,,,14.45
2026-09-27T11:15Z,1790507700,4977254,INTL_PROXY,up,1022,,no_fill,,,,,,,,,0,0,,,,,14.45
2026-09-27T11:30Z,1790508600,4977402,INTL_PROXY,down,811,,no_fill,,,,,,,,,0,0,,,,,14.45
2026-09-27T11:45Z,1790509500,4977588,INTL_PROXY,down,1896,,no_fill,,,,,,,,,0,0,,,,,14.45
2026-09-27T12:00Z,1790510400,4977705,INTL_PROXY,up,374,,filled,down,119,0,,,,,,1,0,2,-0.5,,,13.95
2026-09-27T12:15Z,1790511300,4978073,INTL_PROXY,down,454,,no_fill,,,,,,,,,0,0,,,,,13.95
2026-09-27T12:30Z,1790512200,4978179,INTL_PROXY,up,390,,no_fill,,,,,,,,,0,0,,,,,13.95
2026-09-27T12:45Z,1790513100,4978348,INTL_PROXY,down,489,,no_fill,,,,,,,,,0,0,,,,,13.95
2026-09-27T13:00Z,1790514000,4978895,INTL_PROXY,down,2147,,filled,up,29,0,,,,,,1,0,2,-0.5,,,13.45
2026-09-27T13:15Z,1790514900,4980184,INTL_PROXY,up,418,,no_fill,,,,,,,,,0,0,,,,,13.45
2026-09-27T13:30Z,1790515800,4980786,INTL_PROXY,down,760,,filled,down,96,1,393,,,,,1,1,2,0.4,,,13.85
2026-09-27T13:45Z,1790516700,4980866,INTL_PROXY,up,510,,no_fill,,,,,,,,,0,0,,,,,13.85
2026-09-27T14:00Z,1790517600,4981185,INTL_PROXY,down,730,,no_fill,,,,,,,,,0,0,,,,,13.85
2026-09-27T14:15Z,1790518500,4981415,INTL_PROXY,down,443,,no_fill,,,,,,,,,0,0,,,,,13.85
2026-09-27T14:30Z,1790519400,4981727,INTL_PROXY,up,3245,,no_fill,,,,,,,,,0,0,,,,,13.85
2026-09-27T14:45Z,1790520300,4983146,INTL_PROXY,down,1191,,filled,up,119,0,,,,,,1,0,2,-0.5,,,13.35
2026-09-27T15:00Z,1790521200,4983354,INTL_PROXY,down,3994,,no_fill,,,,,,,,,0,0,,,,,13.35
2026-09-27T15:15Z,1790522100,4984293,INTL_PROXY,up,1145,,filled,down,84,1,731,,,,,1,1,2,0.4,,,13.75
2026-09-27T15:30Z,1790523000,4984384,INTL_PROXY,down,2406,,no_fill,,,,,,,,,0,0,,,,,13.75
2026-09-27T15:45Z,1790523900,4984952,INTL_PROXY,up,4860,,no_fill,,,,,,,,,0,0,,,,,13.75
2026-09-27T16:00Z,1790524800,4986300,INTL_PROXY,up,2922,,no_fill,,,,,,,,,0,0,,,,,13.75
2026-09-27T16:15Z,1790525700,4986894,INTL_PROXY,up,4205,,no_fill,,,,,,,,,0,0,,,,,13.75
2026-09-27T16:30Z,1790526600,4987118,INTL_PROXY,down,604,,filled,up,57,0,,,,,,1,0,2,-0.5,,,13.25
2026-09-27T16:45Z,1790527500,4987464,INTL_PROXY,up,1093,,no_fill,,,,,,,,,0,0,,,,,13.25
2026-09-27T17:00Z,1790528400,4987605,INTL_PROXY,down,4128,,no_fill,,,,,,,,,0,0,,,,,13.25
2026-09-27T17:15Z,1790529300,4987878,INTL_PROXY,up,896,,filled,down,81,0,,,,,,1,0,2,-0.5,,,12.75
2026-09-27T17:30Z,1790530200,4988174,INTL_PROXY,up,938,,filled,down,93,0,,,,,,1,0,2,-0.5,,,12.25
2026-09-27T17:45Z,1790531100,4989186,INTL_PROXY,up,1019,,no_fill,,,,,,,,,0,0,,,,,12.25
2026-09-27T18:00Z,1790532000,4989951,INTL_PROXY,up,4925,,no_fill,,,,,,,,,0,0,,,,,12.25
2026-09-27T18:15Z,1790532900,4990672,INTL_PROXY,up,1708,,no_fill,,,,,,,,,0,0,,,,,12.25
2026-09-27T18:30Z,1790533800,4990805,INTL_PROXY,up,5851,,no_fill,,,,,,,,,0,0,,,,,12.25
2026-09-27T18:45Z,1790534700,4990975,INTL_PROXY,up,5313,,no_fill,,,,,,,,,0,0,,,,,12.25
2026-09-27T19:00Z,1790535600,4991710,INTL_PROXY,down,852,,no_fill,,,,,,,,,0,0,,,,,12.25
2026-09-27T19:15Z,1790536500,4992582,INTL_PROXY,down,4350,,no_fill,,,,,,,,,0,0,,,,,12.25
2026-09-27T19:30Z,1790537400,4993320,INTL_PROXY,up,567,,no_fill,,,,,,,,,0,0,,,,,12.25
2026-09-27T19:45Z,1790538300,4993660,INTL_PROXY,down,1274,,no_fill,,,,,,,,,0,0,,,,,12.25
2026-09-27T20:00Z,1790539200,4994501,INTL_PROXY,up,471,,no_fill,,,,,,,,,0,0,,,,,12.25
2026-09-27T20:15Z,1790540100,4995561,INTL_PROXY,down,387,,no_fill,,,,,,,,,0,0,,,,,12.25
2026-09-27T20:30Z,1790541000,4995865,INTL_PROXY,up,812,,no_fill,,,,,,,,,0,0,,,,,12.25
2026-09-27T20:45Z,1790541900,4999372,INTL_PROXY,down,615,,no_fill,,,,,,,,,0,0,,,,,12.25
2026-09-27T21:00Z,1790542800,4999734,INTL_PROXY,up,407,,no_fill,,,,,,,,,0,0,,,,,12.25
2026-09-27T21:15Z,1790543700,5000326,INTL_PROXY,down,612,,no_fill,,,,,,,,,0,0,,,,,12.25
2026-09-27T21:30Z,1790544600,5001421,INTL_PROXY,down,448,,no_fill,,,,,,,,,0,0,,,,,12.25
2026-09-27T21:45Z,1790545500,5001640,INTL_PROXY,up,251,,filled,down,83,0,,,,,,1,0,2,-0.5,,,11.75
2026-09-27T22:00Z,1790546400,5001964,INTL_PROXY,down,446,,filled,up,102,0,,,,,,1,1,2,-0.5,,,11.25
2026-09-27T22:15Z,1790547300,5002727,INTL_PROXY,up,347,,no_fill,,,,,,,,,0,0,,,,,11.25
2026-09-27T22:30Z,1790548200,5003439,INTL_PROXY,down,294,,filled,up,57,0,,,,,,1,0,2,-0.5,,,10.75
2026-09-27T22:45Z,1790549100,5003748,INTL_PROXY,up,755,,no_fill,,,,,,,,,0,0,,,,,10.75
2026-09-27T23:00Z,1790550000,5004260,INTL_PROXY,up,926,,no_fill,,,,,,,,,0,0,,,,,10.75
2026-09-27T23:15Z,1790550900,5004559,INTL_PROXY,up,417,,no_fill,,,,,,,,,0,0,,,,,10.75
2026-09-27T23:30Z,1790551800,5004684,INTL_PROXY,down,493,,no_fill,,,,,,,,,0,0,,,,,10.75
2026-09-27T23:45Z,1790552700,5005117,INTL_PROXY,up,372,,no_fill,,,,,,,,,0,0,,,,,10.75
2026-09-28T00:00Z,1790553600,5005380,INTL_PROXY,down,653,,no_fill,,,,,,,,,0,0,,,,,10.75
2026-09-28T00:15Z,1790554500,5005544,INTL_PROXY,up,444,,filled,down,117,0,,,,,,1,0,2,-0.5,,,10.25
2026-09-28T00:30Z,1790555400,5005585,INTL_PROXY,down,363,,filled,up,68,0,,,,,,1,0,2,-0.5,,,9.75
2026-09-28T00:45Z,1790556300,5005696,INTL_PROXY,down,1047,,filled,down,77,1,662,,,,,1,1,1,0.2,,,9.95
2026-09-28T01:00Z,1790557200,5005755,INTL_PROXY,down,1170,,no_fill,,,,,,,,,0,0,,,,,9.95
2026-09-28T01:15Z,1790558100,5006081,INTL_PROXY,up,803,,no_fill,,,,,,,,,0,0,,,,,9.95
2026-09-28T01:30Z,1790559000,5006411,INTL_PROXY,down,576,,no_fill,,,,,,,,,0,0,,,,,9.95
2026-09-28T01:45Z,1790559900,5006508,INTL_PROXY,down,1078,,no_fill,,,,,,,,,0,0,,,,,9.95
2026-09-28T02:00Z,1790560800,5006598,INTL_PROXY,up,1162,,no_fill,,,,,,,,,1,1,,,,,9.95
2026-09-28T02:15Z,1790561700,5006860,INTL_PROXY,down,799,,no_fill,,,,,,,,,0,0,,,,,9.95
2026-09-28T02:30Z,1790562600,5006976,INTL_PROXY,down,617,,no_fill,,,,,,,,,0,0,,,,,9.95
2026-09-28T02:45Z,1790563500,5007936,INTL_PROXY,down,649,,no_fill,,,,,,,,,0,0,,,,,9.95
2026-09-28T03:00Z,1790564400,5008023,INTL_PROXY,up,1113,,filled,down,32,1,695,,,,,1,1,1,0.2,,,10.15
2026-09-28T03:15Z,1790565300,5008426,INTL_PROXY,down,898,,no_fill,,,,,,,,,0,0,,,,,10.15
2026-09-28T03:30Z,1790566200,5008696,INTL_PROXY,up,783,,no_fill,,,,,,,,,0,0,,,,,10.15
2026-09-28T03:45Z,1790567100,5008949,INTL_PROXY,down,542,,no_fill,,,,,,,,,0,0,,,,,10.15
2026-09-28T04:00Z,1790568000,5010619,INTL_PROXY,up,871,,no_fill,,,,,,,,,1,1,,,,,10.15
2026-09-28T04:15Z,1790568900,5010926,INTL_PROXY,up,645,,no_fill,,,,,,,,,0,0,,,,,10.15
2026-09-28T04:30Z,1790569800,5011698,INTL_PROXY,up,1813,,no_fill,,,,,,,,,0,0,,,,,10.15
2026-09-28T04:45Z,1790570700,5012295,INTL_PROXY,up,1276,,no_fill,,,,,,,,,0,0,,,,,10.15
2026-09-28T05:00Z,1790571600,5014009,INTL_PROXY,down,416,,no_fill,,,,,,,,,0,0,,,,,10.15
2026-09-28T05:15Z,1790572500,5014331,INTL_PROXY,down,569,,no_fill,,,,,,,,,0,0,,,,,10.15
2026-09-28T05:30Z,1790573400,5014498,INTL_PROXY,up,1049,,no_fill,,,,,,,,,0,0,,,,,10.15
2026-09-28T05:45Z,1790574300,5014936,INTL_PROXY,up,682,,no_fill,,,,,,,,,0,0,,,,,10.15
2026-09-28T06:00Z,1790575200,5015587,INTL_PROXY,up,528,,no_fill,,,,,,,,,0,0,,,,,10.15
2026-09-28T06:15Z,1790576100,5015795,INTL_PROXY,down,497,,no_fill,,,,,,,,,0,0,,,,,10.15
2026-09-28T06:30Z,1790577000,5015907,INTL_PROXY,up,476,,no_fill,,,,,,,,,0,0,,,,,10.15
2026-09-28T06:45Z,1790577900,5016170,INTL_PROXY,down,530,,no_fill,,,,,,,,,0,0,,,,,10.15
2026-09-28T07:00Z,1790578800,5016628,INTL_PROXY,down,706,,no_fill,,,,,,,,,0,0,,,,,10.15
2026-09-28T07:15Z,1790579700,5016924,INTL_PROXY,down,612,,no_fill,,,,,,,,,0,0,,,,,10.15
2026-09-28T07:30Z,1790580600,5017211,INTL_PROXY,down,1272,,no_fill,,,,,,,,,0,0,,,,,10.15
2026-09-28T07:45Z,1790581500,5017582,INTL_PROXY,up,802,,no_fill,,,,,,,,,0,0,,,,,10.15
2026-09-28T08:00Z,1790582400,5018134,INTL_PROXY,up,971,,filled,down,114,1,419,,,,,1,1,2,0.4,,,10.55
2026-09-28T08:15Z,1790583300,5019034,INTL_PROXY,down,562,,no_fill,,,,,,,,,0,0,,,,,10.55
2026-09-28T08:30Z,1790584200,5019273,INTL_PROXY,up,839,,no_fill,,,,,,,,,0,0,,,,,10.55
2026-09-28T08:45Z,1790585100,5020735,INTL_PROXY,up,616,,no_fill,,,,,,,,,0,0,,,,,10.55
2026-09-28T09:00Z,1790586000,5021306,INTL_PROXY,down,432,,no_fill,,,,,,,,,0,0,,,,,10.55
2026-09-28T09:15Z,1790586900,5022156,INTL_PROXY,down,725,,filled,down,57,1,98,,,,,1,1,2,0.4,,,10.95
2026-09-28T09:30Z,1790587800,5022236,INTL_PROXY,down,464,,no_fill,,,,,,,,,0,0,,,,,10.95
2026-09-28T09:45Z,1790588700,5023367,INTL_PROXY,up,963,,no_fill,,,,,,,,,0,0,,,,,10.95
2026-09-28T10:00Z,1790589600,5023416,INTL_PROXY,up,764,,filled,down,38,0,,,,,,1,0,2,-0.5,,,10.45
2026-09-28T10:15Z,1790590500,5023753,INTL_PROXY,up,468,,filled,down,56,0,,,,,,1,0,2,-0.5,,,9.95
2026-09-28T10:30Z,1790591400,5023799,INTL_PROXY,up,422,,no_fill,,,,,,,,,0,0,,,,,9.95
2026-09-28T10:45Z,1790592300,5024358,INTL_PROXY,up,1065,,no_fill,,,,,,,,,0,0,,,,,9.95
2026-09-28T11:00Z,1790593200,5025048,INTL_PROXY,up,852,,no_fill,,,,,,,,,0,0,,,,,9.95
2026-09-28T11:15Z,1790594100,5025817,INTL_PROXY,up,911,,no_fill,,,,,,,,,0,0,,,,,9.95
2026-09-28T11:30Z,1790595000,5025904,INTL_PROXY,up,609,,no_fill,,,,,,,,,0,0,,,,,9.95
2026-09-28T11:45Z,1790595900,5027041,INTL_PROXY,up,1050,,no_fill,,,,,,,,,0,0,,,,,9.95
2026-09-28T12:00Z,1790596800,5027440,INTL_PROXY,up,622,,no_fill,,,,,,,,,0,0,,,,,9.95
2026-09-28T12:15Z,1790597700,5027928,INTL_PROXY,up,1131,,no_fill,,,,,,,,,0,0,,,,,9.95
2026-09-28T12:30Z,1790598600,5028361,INTL_PROXY,down,784,,no_fill,,,,,,,,,0,0,,,,,9.95
2026-09-28T12:45Z,1790599500,5029053,INTL_PROXY,up,514,,filled,down,38,0,,,,,,1,0,1,-0.25,,,9.7
2026-09-28T13:00Z,1790600400,5029461,INTL_PROXY,down,468,,filled,up,101,0,,,,,,1,0,1,-0.25,,,9.45
2026-09-28T13:15Z,1790601300,5029656,INTL_PROXY,up,549,,no_fill,,,,,,,,,0,0,,,,,9.45
2026-09-28T13:30Z,1790602200,5030076,INTL_PROXY,up,1168,,no_fill,,,,,,,,,0,0,,,,,9.45
2026-09-28T13:45Z,1790603100,5030207,INTL_PROXY,down,1047,,no_fill,,,,,,,,,0,0,,,,,9.45
2026-09-28T14:00Z,1790604000,5030744,INTL_PROXY,down,817,,filled,up,113,0,,,,,,1,0,1,-0.25,,,9.2
2026-09-28T14:15Z,1790604900,5031046,INTL_PROXY,down,1051,,no_fill,,,,,,,,,1,1,,,,,9.2
2026-09-28T14:30Z,1790605800,5031448,INTL_PROXY,down,1276,,no_fill,,,,,,,,,0,0,,,,,9.2
2026-09-28T14:45Z,1790606700,5033209,INTL_PROXY,up,1487,,no_fill,,,,,,,,,0,0,,,,,9.2
2026-09-28T15:00Z,1790607600,5033648,INTL_PROXY,up,1156,,no_fill,,,,,,,,,0,0,,,,,9.2
2026-09-28T15:15Z,1790608500,5035062,INTL_PROXY,up,908,,no_fill,,,,,,,,,0,0,,,,,9.2
2026-09-28T15:30Z,1790609400,5035471,INTL_PROXY,up,486,,no_fill,,,,,,,,,0,0,,,,,9.2
2026-09-28T15:45Z,1790610300,5035855,INTL_PROXY,up,505,,no_fill,,,,,,,,,0,0,,,,,9.2
2026-09-28T16:00Z,1790611200,5037092,INTL_PROXY,up,1079,,no_fill,,,,,,,,,0,0,,,,,9.2
2026-09-28T16:15Z,1790612100,5037707,INTL_PROXY,up,558,,no_fill,,,,,,,,,0,0,,,,,9.2
2026-09-28T16:30Z,1790613000,5038772,INTL_PROXY,down,682,,no_fill,,,,,,,,,0,0,,,,,9.2
2026-09-28T16:45Z,1790613900,5040215,INTL_PROXY,down,942,,no_fill,,,,,,,,,0,0,,,,,9.2
2026-09-28T17:00Z,1790614800,5041309,INTL_PROXY,up,951,,no_fill,,,,,,,,,0,0,,,,,9.2
2026-09-28T17:15Z,1790615700,5042067,INTL_PROXY,down,610,,no_fill,,,,,,,,,0,0,,,,,9.2
2026-09-28T17:30Z,1790616600,5043310,INTL_PROXY,up,546,,no_fill,,,,,,,,,0,0,,,,,9.2
2026-09-28T17:45Z,1790617500,5044190,INTL_PROXY,down,625,,no_fill,,,,,,,,,0,0,,,,,9.2
2026-09-28T18:00Z,1790618400,5045538,INTL_PROXY,up,585,,no_fill,,,,,,,,,0,0,,,,,9.2
2026-09-28T18:15Z,1790619300,5045781,INTL_PROXY,down,882,,no_fill,,,,,,,,,0,0,,,,,9.2
2026-09-28T18:30Z,1790620200,5046015,INTL_PROXY,down,648,,no_fill,,,,,,,,,0,0,,,,,9.2
2026-09-28T18:45Z,1790621100,5046149,INTL_PROXY,up,518,,no_fill,,,,,,,,,0,0,,,,,9.2
2026-09-28T19:00Z,1790622000,5047642,INTL_PROXY,down,359,,filled,up,90,0,,,,,,1,0,1,-0.25,,,8.95
2026-09-28T19:15Z,1790622900,5048060,INTL_PROXY,down,589,,no_fill,,,,,,,,,0,0,,,,,8.95
2026-09-28T19:30Z,1790623800,5048496,INTL_PROXY,down,384,,no_fill,,,,,,,,,0,0,,,,,8.95
2026-09-28T19:45Z,1790624700,5049086,INTL_PROXY,up,603,,no_fill,,,,,,,,,0,0,,,,,8.95
2026-09-28T20:00Z,1790625600,5050143,INTL_PROXY,up,502,,no_fill,,,,,,,,,1,1,,,,,8.95
2026-09-28T20:15Z,1790626500,5051963,INTL_PROXY,down,626,,filled,up,117,0,,,,,,1,0,1,-0.25,,,8.7
2026-09-28T20:30Z,1790627400,5052170,INTL_PROXY,down,812,,no_fill,,,,,,,,,0,0,,,,,8.7
2026-09-28T20:45Z,1790628300,5054021,INTL_PROXY,up,759,,no_fill,,,,,,,,,0,0,,,,,8.7
2026-09-28T21:00Z,1790629200,5054621,INTL_PROXY,up,682,,filled,down,68,0,,,,,,1,0,1,-0.25,,,8.45
2026-09-28T21:15Z,1790630100,5054867,INTL_PROXY,down,512,,no_fill,,,,,,,,,0,0,,,,,8.45
2026-09-28T21:30Z,1790631000,5055148,INTL_PROXY,down,622,,no_fill,,,,,,,,,0,0,,,,,8.45
2026-09-28T21:45Z,1790631900,5055355,INTL_PROXY,down,499,,no_fill,,,,,,,,,0,0,,,,,8.45
2026-09-28T22:00Z,1790632800,5055610,INTL_PROXY,down,1360,,no_fill,,,,,,,,,0,0,,,,,8.45
2026-09-28T22:15Z,1790633700,5055916,INTL_PROXY,up,1267,,no_fill,,,,,,,,,0,0,,,,,8.45
2026-09-28T22:30Z,1790634600,5056281,INTL_PROXY,up,373,,no_fill,,,,,,,,,0,0,,,,,8.45
2026-09-28T22:45Z,1790635500,5056726,INTL_PROXY,up,427,,no_fill,,,,,,,,,0,0,,,,,8.45
2026-09-28T23:00Z,1790636400,5057572,INTL_PROXY,down,714,,no_fill,,,,,,,,,0,0,,,,,8.45
2026-09-28T23:15Z,1790637300,5057778,INTL_PROXY,up,438,,no_fill,,,,,,,,,0,0,,,,,8.45
2026-09-28T23:30Z,1790638200,5058335,INTL_PROXY,up,881,,no_fill,,,,,,,,,0,0,,,,,8.45
2026-09-28T23:45Z,1790639100,5058712,INTL_PROXY,down,483,,filled,up,71,0,,,,,,1,0,1,-0.25,,,8.2
2026-09-29T00:00Z,1790640000,5058789,INTL_PROXY,up,1915,,no_fill,,,,,,,,,0,0,,,,,8.2
2026-09-29T00:15Z,1790640900,5058869,INTL_PROXY,up,1634,,filled,up,86,1,822,,,,,1,1,1,0.2,,,8.4
2026-09-29T00:30Z,1790641800,5059301,INTL_PROXY,down,1388,,no_fill,,,,,,,,,0,0,,,,,8.4
2026-09-29T00:45Z,1790642700,5059655,INTL_PROXY,down,474,,filled,up,71,0,,,,,,1,0,1,-0.25,,,8.15
2026-09-29T01:00Z,1790643600,5059756,INTL_PROXY,down,736,,filled,up,83,1,149,,,,,1,1,1,0.2,,,8.35
2026-09-29T01:15Z,1790644500,5060234,INTL_PROXY,down,1008,,no_fill,,,,,,,,,0,0,,,,,8.35
2026-09-29T01:30Z,1790645400,5060330,INTL_PROXY,up,810,,no_fill,,,,,,,,,0,0,,,,,8.35
2026-09-29T01:45Z,1790646300,5060484,INTL_PROXY,up,595,,filled,down,60,1,341,,,,,1,1,1,0.2,,,8.55
2026-09-29T02:00Z,1790647200,5060640,INTL_PROXY,down,914,,no_fill,,,,,,,,,0,0,,,,,8.55
2026-09-29T02:15Z,1790648100,5060731,INTL_PROXY,down,666,,no_fill,,,,,,,,,0,0,,,,,8.55
2026-09-29T02:30Z,1790649000,5060804,INTL_PROXY,up,746,,no_fill,,,,,,,,,0,0,,,,,8.55
2026-09-29T02:45Z,1790649900,5061918,INTL_PROXY,down,751,,filled,down,93,1,302,,,,,1,1,1,0.2,,,8.75
2026-09-29T03:00Z,1790650800,5061999,INTL_PROXY,down,734,,no_fill,,,,,,,,,0,0,,,,,8.75
2026-09-29T03:15Z,1790651700,5062077,INTL_PROXY,up,443,,no_fill,,,,,,,,,0,0,,,,,8.75
2026-09-29T03:30Z,1790652600,5062125,INTL_PROXY,down,478,,no_fill,,,,,,,,,1,1,,,,,8.75
2026-09-29T03:45Z,1790653500,5062207,INTL_PROXY,down,536,,no_fill,,,,,,,,,0,0,,,,,8.75
2026-09-29T04:00Z,1790654400,5062969,INTL_PROXY,up,484,,no_fill,,,,,,,,,0,0,,,,,8.75
2026-09-29T04:15Z,1790655300,5063045,INTL_PROXY,up,482,,no_fill,,,,,,,,,0,0,,,,,8.75
2026-09-29T04:30Z,1790656200,5063604,INTL_PROXY,down,478,,no_fill,,,,,,,,,0,0,,,,,8.75
2026-09-29T04:45Z,1790657100,5063881,INTL_PROXY,up,709,,no_fill,,,,,,,,,0,0,,,,,8.75
2026-09-29T05:00Z,1790658000,5065101,INTL_PROXY,up,903,,no_fill,,,,,,,,,0,0,,,,,8.75
2026-09-29T05:15Z,1790658900,5065149,INTL_PROXY,up,659,,no_fill,,,,,,,,,0,0,,,,,8.75
2026-09-29T05:30Z,1790659800,5065175,INTL_PROXY,down,919,,filled,up,96,1,855,,,,,1,1,1,0.2,,,8.95
2026-09-29T05:45Z,1790660700,5065263,INTL_PROXY,up,683,,no_fill,,,,,,,,,0,0,,,,,8.95
2026-09-29T06:00Z,1790661600,5066288,INTL_PROXY,up,492,,no_fill,,,,,,,,,0,0,,,,,8.95
2026-09-29T06:15Z,1790662500,5066513,INTL_PROXY,up,964,,no_fill,,,,,,,,,0,0,,,,,8.95
2026-09-29T06:30Z,1790663400,5066563,INTL_PROXY,up,895,,no_fill,,,,,,,,,0,0,,,,,8.95
2026-09-29T06:45Z,1790664300,5066826,INTL_PROXY,up,599,,no_fill,,,,,,,,,0,0,,,,,8.95
2026-09-29T07:00Z,1790665200,5067202,INTL_PROXY,down,1074,,filled,up,54,1,363,,,,,1,1,1,0.2,,,9.15
2026-09-29T07:15Z,1790666100,5067309,INTL_PROXY,up,866,,no_fill,,,,,,,,,0,0,,,,,9.15
2026-09-29T07:30Z,1790667000,5067459,INTL_PROXY,up,713,,no_fill,,,,,,,,,0,0,,,,,9.15
2026-09-29T07:45Z,1790667900,5067646,INTL_PROXY,down,752,,no_fill,,,,,,,,,0,0,,,,,9.15
2026-09-29T08:00Z,1790668800,5068118,INTL_PROXY,up,849,,filled,down,33,1,477,,,,,1,1,1,0.2,,,9.35
2026-09-29T08:15Z,1790669700,5068222,INTL_PROXY,up,599,,no_fill,,,,,,,,,0,0,,,,,9.35
2026-09-29T08:30Z,1790670600,5068283,INTL_PROXY,down,422,,no_fill,,,,,,,,,1,0,,,,,9.35
2026-09-29T08:45Z,1790671500,5068796,INTL_PROXY,down,908,,no_fill,,,,,,,,,0,0,,,,,9.35
2026-09-29T09:00Z,1790672400,5069266,INTL_PROXY,down,508,,no_fill,,,,,,,,,0,0,,,,,9.35
2026-09-29T09:15Z,1790673300,5069322,INTL_PROXY,up,619,,no_fill,,,,,,,,,0,0,,,,,9.35
2026-09-29T09:30Z,1790674200,5069406,INTL_PROXY,up,432,,filled,down,108,0,,,,,,1,0,1,-0.25,,,9.1
2026-09-29T09:45Z,1790675100,5069512,INTL_PROXY,up,385,,no_fill,,,,,,,,,0,0,,,,,9.1
2026-09-29T10:00Z,1790676000,5070045,INTL_PROXY,down,1144,,no_fill,,,,,,,,,0,0,,,,,9.1
2026-09-29T10:15Z,1790676900,5070374,INTL_PROXY,down,403,,no_fill,,,,,,,,,0,0,,,,,9.1
2026-09-29T10:30Z,1790677800,5070415,INTL_PROXY,down,1033,,no_fill,,,,,,,,,0,0,,,,,9.1
2026-09-29T10:45Z,1790678700,5071422,INTL_PROXY,up,746,,no_fill,,,,,,,,,0,0,,,,,9.1
2026-09-29T11:00Z,1790679600,5071604,INTL_PROXY,down,1130,,no_fill,,,,,,,,,0,0,,,,,9.1
2026-09-29T11:15Z,1790680500,5071681,INTL_PROXY,up,508,,no_fill,,,,,,,,,0,0,,,,,9.1
2026-09-29T11:30Z,1790681400,5071795,INTL_PROXY,up,366,,no_fill,,,,,,,,,0,0,,,,,9.1
2026-09-29T11:45Z,1790682300,5072308,INTL_PROXY,up,627,,no_fill,,,,,,,,,0,0,,,,,9.1
2026-09-29T12:00Z,1790683200,5072619,INTL_PROXY,down,790,,no_fill,,,,,,,,,0,0,,,,,9.1
2026-09-29T12:15Z,1790684100,5072974,INTL_PROXY,down,559,,no_fill,,,,,,,,,0,0,,,,,9.1
2026-09-29T12:30Z,1790685000,5073176,INTL_PROXY,up,457,,no_fill,,,,,,,,,0,0,,,,,9.1
2026-09-29T12:45Z,1790685900,5073492,INTL_PROXY,down,810,,filled,up,92,1,458,,,,,1,1,1,0.2,,,9.3
2026-09-29T13:00Z,1790686800,5073757,INTL_PROXY,up,608,,no_fill,,,,,,,,,0,0,,,,,9.3
2026-09-29T13:15Z,1790687700,5073834,INTL_PROXY,down,1110,,no_fill,,,,,,,,,0,0,,,,,9.3
2026-09-29T13:30Z,1790688600,5074214,INTL_PROXY,down,1080,,filled,up,101,0,,,,,,1,0,1,-0.25,,,9.05
2026-09-29T13:45Z,1790689500,5074406,INTL_PROXY,up,962,,no_fill,,,,,,,,,0,0,,,,,9.05
2026-09-29T14:00Z,1790690400,5074829,INTL_PROXY,down,639,,no_fill,,,,,,,,,0,0,,,,,9.05
2026-09-29T14:15Z,1790691300,5075116,INTL_PROXY,up,899,,no_fill,,,,,,,,,0,0,,,,,9.05
2026-09-29T14:30Z,1790692200,5075251,INTL_PROXY,down,1216,,no_fill,,,,,,,,,0,0,,,,,9.05
2026-09-29T14:45Z,1790693100,5076666,INTL_PROXY,down,1126,,filled,down,81,1,264,,,,,1,1,1,0.2,,,9.25
2026-09-29T15:00Z,1790694000,5078885,INTL_PROXY,down,752,,filled,up,78,0,,,,,,1,0,1,-0.25,,,9.0
2026-09-29T15:15Z,1790694900,5080415,INTL_PROXY,down,706,,no_fill,,,,,,,,,0,0,,,,,9.0
2026-09-29T15:30Z,1790695800,5081264,INTL_PROXY,up,749,,no_fill,,,,,,,,,0,0,,,,,9.0
2026-09-29T15:45Z,1790696700,5081712,INTL_PROXY,down,979,,no_fill,,,,,,,,,0,0,,,,,9.0
2026-09-29T16:00Z,1790697600,5082345,INTL_PROXY,down,988,,filled,down,81,1,426,,,,,1,1,1,0.2,,,9.2
2026-09-29T16:15Z,1790698500,5082433,INTL_PROXY,up,461,,filled,down,116,0,,,,,,1,0,1,-0.25,,,8.95
2026-09-29T16:30Z,1790699400,5082770,INTL_PROXY,down,518,,filled,up,66,1,306,,,,,1,1,1,0.2,,,9.15
2026-09-29T16:45Z,1790700300,5083320,INTL_PROXY,up,1102,,no_fill,,,,,,,,,0,0,,,,,9.15
2026-09-29T17:00Z,1790701200,5083472,INTL_PROXY,up,669,,no_fill,,,,,,,,,0,0,,,,,9.15
2026-09-29T17:15Z,1790702100,5084289,INTL_PROXY,down,902,,no_fill,,,,,,,,,0,0,,,,,9.15
2026-09-29T17:30Z,1790703000,5084811,INTL_PROXY,up,957,,no_fill,,,,,,,,,0,0,,,,,9.15
2026-09-29T17:45Z,1790703900,5087243,INTL_PROXY,down,598,,no_fill,,,,,,,,,0,0,,,,,9.15
2026-09-29T18:00Z,1790704800,5087425,INTL_PROXY,up,610,,filled,down,11,0,,,,,,1,0,1,-0.25,,,8.9
2026-09-29T18:15Z,1790705700,5087501,INTL_PROXY,up,839,,no_fill,,,,,,,,,0,0,,,,,8.9
2026-09-29T18:30Z,1790706600,5087575,INTL_PROXY,up,640,,no_fill,,,,,,,,,0,0,,,,,8.9
2026-09-29T18:45Z,1790707500,5087711,INTL_PROXY,down,558,,no_fill,,,,,,,,,0,0,,,,,8.9
2026-09-29T19:00Z,1790708400,5089387,INTL_PROXY,down,759,,no_fill,,,,,,,,,0,0,,,,,8.9
2026-09-29T19:15Z,1790709300,5090373,INTL_PROXY,down,746,,no_fill,,,,,,,,,0,0,,,,,8.9
2026-09-29T19:30Z,1790710200,5090620,INTL_PROXY,down,663,,no_fill,,,,,,,,,0,0,,,,,8.9
2026-09-29T19:45Z,1790711100,5090849,INTL_PROXY,up,854,,no_fill,,,,,,,,,0,0,,,,,8.9
2026-09-29T20:00Z,1790712000,5091085,INTL_PROXY,down,716,,no_fill,,,,,,,,,0,0,,,,,8.9
2026-09-29T20:15Z,1790712900,5091444,INTL_PROXY,up,489,,no_fill,,,,,,,,,0,0,,,,,8.9
2026-09-29T20:30Z,1790713800,5091708,INTL_PROXY,up,967,,no_fill,,,,,,,,,0,0,,,,,8.9
2026-09-29T20:45Z,1790714700,5093373,INTL_PROXY,down,1273,,no_fill,,,,,,,,,0,0,,,,,8.9
2026-09-29T21:00Z,1790715600,5093631,INTL_PROXY,down,610,,no_fill,,,,,,,,,0,0,,,,,8.9
2026-09-29T21:15Z,1790716500,5093694,INTL_PROXY,down,398,,no_fill,,,,,,,,,0,0,,,,,8.9
2026-09-29T21:30Z,1790717400,5093742,INTL_PROXY,up,371,,no_fill,,,,,,,,,0,0,,,,,8.9
2026-09-29T21:45Z,1790718300,5093823,INTL_PROXY,down,729,,filled,up,32,1,500,,,,,1,1,1,0.2,,,9.1
2026-09-29T22:00Z,1790719200,5094093,INTL_PROXY,up,740,,filled,down,113,0,,,,,,1,0,1,-0.25,,,8.85
2026-09-29T22:15Z,1790720100,5094893,INTL_PROXY,down,1094,,filled,up,60,1,288,,,,,1,1,1,0.2,,,9.05
2026-09-29T22:30Z,1790721000,5096346,INTL_PROXY,up,976,,no_fill,,,,,,,,,0,0,,,,,9.05
2026-09-29T22:45Z,1790721900,5097574,INTL_PROXY,up,916,,no_fill,,,,,,,,,0,0,,,,,9.05
2026-09-29T23:00Z,1790722800,5098782,INTL_PROXY,up,528,,no_fill,,,,,,,,,0,0,,,,,9.05
2026-09-29T23:15Z,1790723700,5099906,INTL_PROXY,down,583,,no_fill,,,,,,,,,0,0,,,,,9.05
2026-09-29T23:30Z,1790724600,5100928,INTL_PROXY,down,655,,no_fill,,,,,,,,,0,0,,,,,9.05
2026-09-29T23:45Z,1790725500,5102703,INTL_PROXY,up,1140,,filled,down,84,1,536,,,,,1,1,1,0.2,,,9.25
2026-09-30T00:00Z,1790726400,5104783,INTL_PROXY,down,944,,no_fill,,,,,,,,,0,0,,,,,9.25
2026-09-30T00:15Z,1790727300,5105339,INTL_PROXY,up,3664,,no_fill,,,,,,,,,0,0,,,,,9.25
2026-09-30T00:30Z,1790728200,5105662,INTL_PROXY,down,1581,,no_fill,,,,,,,,,0,0,,,,,9.25
2026-09-30T00:45Z,1790729100,5105841,INTL_PROXY,down,512,,no_fill,,,,,,,,,0,0,,,,,9.25
2026-09-30T01:00Z,1790730000,5105943,INTL_PROXY,down,1479,,no_fill,,,,,,,,,0,0,,,,,9.25
2026-09-30T01:15Z,1790730900,5106216,INTL_PROXY,up,448,,no_fill,,,,,,,,,0,0,,,,,9.25
2026-09-30T01:30Z,1790731800,5106354,INTL_PROXY,down,757,,filled,up,20,0,,,,,,1,0,1,-0.25,,,9.0
2026-09-30T01:45Z,1790732700,5106455,INTL_PROXY,up,2031,,no_fill,,,,,,,,,0,0,,,,,9.0
2026-09-30T02:00Z,1790733600,5107462,INTL_PROXY,up,625,,no_fill,,,,,,,,,0,0,,,,,9.0
2026-09-30T02:15Z,1790734500,5108646,INTL_PROXY,down,756,,no_fill,,,,,,,,,0,0,,,,,9.0
2026-09-30T02:30Z,1790735400,5108681,INTL_PROXY,down,852,,no_fill,,,,,,,,,0,0,,,,,9.0
2026-09-30T02:45Z,1790736300,5113446,INTL_PROXY,down,876,,no_fill,,,,,,,,,0,0,,,,,9.0
2026-09-30T03:00Z,1790737200,5113501,INTL_PROXY,down,845,,no_fill,,,,,,,,,0,0,,,,,9.0
2026-09-30T03:15Z,1790738100,5114043,INTL_PROXY,down,1194,,filled,up,113,1,506,,,,,1,1,1,0.2,,,9.2
2026-09-30T03:30Z,1790739000,5114239,INTL_PROXY,up,716,,no_fill,,,,,,,,,0,0,,,,,9.2
2026-09-30T03:45Z,1790739900,5114327,INTL_PROXY,down,500,,filled,up,93,0,,,,,,1,0,1,-0.25,,,8.95
2026-09-30T04:00Z,1790740800,5114974,INTL_PROXY,up,594,,no_fill,,,,,,,,,0,0,,,,,8.95
2026-09-30T04:15Z,1790741700,5115331,INTL_PROXY,down,1055,,no_fill,,,,,,,,,0,0,,,,,8.95
2026-09-30T04:30Z,1790742600,5115933,INTL_PROXY,down,1883,,no_fill,,,,,,,,,0,0,,,,,8.95
2026-09-30T04:45Z,1790743500,5116136,INTL_PROXY,down,441,,no_fill,,,,,,,,,0,0,,,,,8.95
2026-09-30T05:00Z,1790744400,5116761,INTL_PROXY,up,602,,filled,down,47,0,,,,,,1,0,1,-0.25,,,8.7
2026-09-30T05:15Z,1790745300,5116831,INTL_PROXY,up,549,,no_fill,,,,,,,,,0,0,,,,,8.7
2026-09-30T05:30Z,1790746200,5116857,INTL_PROXY,up,560,,filled,down,71,0,,,,,,1,0,1,-0.25,,,8.45
2026-09-30T05:45Z,1790747100,5117087,INTL_PROXY,down,409,,no_fill,,,,,,,,,0,0,,,,,8.45
2026-09-30T06:00Z,1790748000,5118633,INTL_PROXY,down,437,,no_fill,,,,,,,,,0,0,,,,,8.45
2026-09-30T06:15Z,1790748900,5118690,INTL_PROXY,down,1254,,no_fill,,,,,,,,,0,0,,,,,8.45
2026-09-30T06:30Z,1790749800,5118796,INTL_PROXY,down,780,,no_fill,,,,,,,,,0,0,,,,,8.45
2026-09-30T06:45Z,1790750700,5118979,INTL_PROXY,down,1347,,no_fill,,,,,,,,,1,1,,,,,8.45
2026-09-30T07:00Z,1790751600,5119133,INTL_PROXY,down,732,,filled,up,68,1,158,,,,,1,1,1,0.2,,,8.65
2026-09-30T07:15Z,1790752500,5119214,INTL_PROXY,up,450,,no_fill,,,,,,,,,0,0,,,,,8.65
2026-09-30T07:30Z,1790753400,5119344,INTL_PROXY,up,421,,no_fill,,,,,,,,,0,0,,,,,8.65
2026-09-30T07:45Z,1790754300,5119506,INTL_PROXY,down,1057,,no_fill,,,,,,,,,0,0,,,,,8.65
2026-09-30T08:00Z,1790755200,5119817,INTL_PROXY,down,483,,no_fill,,,,,,,,,0,0,,,,,8.65
2026-09-30T08:15Z,1790756100,5119921,INTL_PROXY,up,1168,,no_fill,,,,,,,,,0,0,,,,,8.65
2026-09-30T08:30Z,1790757000,5119949,INTL_PROXY,down,677,,filled,up,57,0,,,,,,1,1,1,-0.25,,,8.4
2026-09-30T08:45Z,1790757900,5120345,INTL_PROXY,up,1055,,no_fill,,,,,,,,,0,0,,,,,8.4
2026-09-30T09:00Z,1790758800,5120499,INTL_PROXY,up,469,,no_fill,,,,,,,,,0,0,,,,,8.4
2026-09-30T09:15Z,1790759700,5120559,INTL_PROXY,up,490,,no_fill,,,,,,,,,0,0,,,,,8.4
2026-09-30T09:30Z,1790760600,5120602,INTL_PROXY,up,771,,filled,down,44,1,53,,,,,1,1,1,0.2,,,8.6
2026-09-30T09:45Z,1790761500,5120682,INTL_PROXY,up,562,,no_fill,,,,,,,,,0,0,,,,,8.6
2026-09-30T10:00Z,1790762400,5121031,INTL_PROXY,up,622,,filled,down,44,0,,,,,,1,0,1,-0.25,,,8.35
2026-09-30T10:15Z,1790763300,5121100,INTL_PROXY,up,871,,filled,up,90,1,302,,,,,1,1,1,0.2,,,8.55
2026-09-30T10:30Z,1790764200,5121169,INTL_PROXY,up,834,,no_fill,,,,,,,,,0,0,,,,,8.55
2026-09-30T10:45Z,1790765100,5121447,INTL_PROXY,up,1155,,no_fill,,,,,,,,,0,0,,,,,8.55
2026-09-30T11:00Z,1790766000,5121637,INTL_PROXY,down,678,,filled,up,63,0,,,,,,1,0,1,-0.25,,,8.3
2026-09-30T11:15Z,1790766900,5121727,INTL_PROXY,up,1193,,no_fill,,,,,,,,,0,0,,,,,8.3
2026-09-30T11:30Z,1790767800,5121969,INTL_PROXY,up,884,,filled,up,89,1,498,,,,,1,1,1,0.2,,,8.5
2026-09-30T11:45Z,1790768700,5122292,INTL_PROXY,down,648,,no_fill,,,,,,,,,0,0,,,,,8.5
2026-09-30T12:00Z,1790769600,5122470,INTL_PROXY,down,763,,no_fill,,,,,,,,,0,0,,,,,8.5
2026-09-30T12:15Z,1790770500,5122850,INTL_PROXY,up,1134,,filled,up,80,1,453,,,,,1,1,1,0.2,,,8.7
2026-09-30T12:30Z,1790771400,5122975,INTL_PROXY,up,693,,filled,down,26,0,,,,,,1,0,1,-0.25,,,8.45
2026-09-30T12:45Z,1790772300,5123083,INTL_PROXY,up,842,,no_fill,,,,,,,,,0,0,,,,,8.45
2026-09-30T13:00Z,1790773200,5123345,INTL_PROXY,up,883,,no_fill,,,,,,,,,1,1,,,,,8.45
2026-09-30T13:15Z,1790774100,5123393,INTL_PROXY,down,746,,no_fill,,,,,,,,,0,0,,,,,8.45
2026-09-30T13:30Z,1790775000,5123450,INTL_PROXY,down,873,,filled,down,71,1,309,,,,,1,1,1,0.2,,,8.65
2026-09-30T13:45Z,1790775900,5123539,INTL_PROXY,up,843,,no_fill,,,,,,,,,0,0,,,,,8.65
2026-09-30T14:00Z,1790776800,5123732,INTL_PROXY,down,997,,no_fill,,,,,,,,,0,0,,,,,8.65
2026-09-30T14:15Z,1790777700,5123930,INTL_PROXY,down,597,,no_fill,,,,,,,,,0,0,,,,,8.65
2026-09-30T14:30Z,1790778600,5123975,INTL_PROXY,down,1324,,no_fill,,,,,,,,,0,0,,,,,8.65
2026-09-30T14:45Z,1790779500,5125650,INTL_PROXY,up,597,,no_fill,,,,,,,,,0,0,,,,,8.65
2026-09-30T15:00Z,1790780400,5126085,INTL_PROXY,up,897,,no_fill,,,,,,,,,0,0,,,,,8.65
2026-09-30T15:15Z,1790781300,5126616,INTL_PROXY,down,673,,no_fill,,,,,,,,,0,0,,,,,8.65
2026-09-30T15:30Z,1790782200,5126681,INTL_PROXY,up,593,,filled,down,68,0,,,,,,1,0,1,-0.25,,,8.4
2026-09-30T15:45Z,1790783100,5126762,INTL_PROXY,up,1401,,no_fill,,,,,,,,,0,0,,,,,8.4
2026-09-30T16:00Z,1790784000,5129013,INTL_PROXY,up,478,,no_fill,,,,,,,,,0,0,,,,,8.4
2026-09-30T16:15Z,1790784900,5130942,INTL_PROXY,down,961,,no_fill,,,,,,,,,0,0,,,,,8.4
2026-09-30T16:30Z,1790785800,5131349,INTL_PROXY,up,938,,no_fill,,,,,,,,,0,0,,,,,8.4
2026-09-30T16:45Z,1790786700,5132001,INTL_PROXY,down,841,,no_fill,,,,,,,,,0,0,,,,,8.4
2026-09-30T17:00Z,1790787600,5132152,INTL_PROXY,down,1158,,no_fill,,,,,,,,,0,0,,,,,8.4
2026-09-30T17:15Z,1790788500,5132318,INTL_PROXY,down,424,,filled,up,53,0,,,,,,1,0,1,-0.25,,,8.15
2026-09-30T17:30Z,1790789400,5132466,INTL_PROXY,down,554,,filled,up,95,0,,,,,,1,0,1,-0.25,,,7.9
2026-09-30T17:45Z,1790790300,5132938,INTL_PROXY,up,922,,no_fill,,,,,,,,,0,0,,,,,7.9
2026-09-30T18:00Z,1790791200,5136021,INTL_PROXY,up,1103,,no_fill,,,,,,,,,0,0,,,,,7.9
2026-09-30T18:15Z,1790792100,5136377,INTL_PROXY,down,453,,no_fill,,,,,,,,,0,0,,,,,7.9
2026-09-30T18:30Z,1790793000,5136461,INTL_PROXY,down,694,,no_fill,,,,,,,,,0,0,,,,,7.9
2026-09-30T18:45Z,1790793900,5136747,INTL_PROXY,up,541,,no_fill,,,,,,,,,0,0,,,,,7.9
2026-09-30T19:00Z,1790794800,5137918,INTL_PROXY,down,389,,no_fill,,,,,,,,,1,0,,,,,7.9
2026-09-30T19:15Z,1790795700,5139064,INTL_PROXY,down,1220,,no_fill,,,,,,,,,0,0,,,,,7.9
2026-09-30T19:30Z,1790796600,5139281,INTL_PROXY,up,539,,no_fill,,,,,,,,,0,0,,,,,7.9
2026-09-30T19:45Z,1790797500,5139523,INTL_PROXY,down,602,,no_fill,,,,,,,,,0,0,,,,,7.9
2026-09-30T20:00Z,1790798400,5139801,INTL_PROXY,up,869,,no_fill,,,,,,,,,0,0,,,,,7.9
2026-09-30T20:15Z,1790799300,5140331,INTL_PROXY,up,395,,no_fill,,,,,,,,,0,0,,,,,7.9
2026-09-30T20:30Z,1790800200,5140460,INTL_PROXY,down,1011,,filled,up,90,0,,,,,,1,0,1,-0.25,,,7.65
2026-09-30T20:45Z,1790801100,5141739,INTL_PROXY,down,635,,no_fill,,,,,,,,,0,0,,,,,7.65
2026-09-30T21:00Z,1790802000,5141900,INTL_PROXY,up,475,,no_fill,,,,,,,,,0,0,,,,,7.65
2026-09-30T21:15Z,1790802900,5142508,INTL_PROXY,down,747,,no_fill,,,,,,,,,0,0,,,,,7.65
2026-09-30T21:30Z,1790803800,5142607,INTL_PROXY,down,663,,no_fill,,,,,,,,,0,0,,,,,7.65
2026-09-30T21:45Z,1790804700,5142768,INTL_PROXY,up,520,,no_fill,,,,,,,,,0,0,,,,,7.65
2026-09-30T22:00Z,1790805600,5142856,INTL_PROXY,down,574,,no_fill,,,,,,,,,0,0,,,,,7.65
2026-09-30T22:15Z,1790806500,5143101,INTL_PROXY,up,531,,no_fill,,,,,,,,,0,0,,,,,7.65
2026-09-30T22:30Z,1790807400,5143307,INTL_PROXY,down,944,,no_fill,,,,,,,,,0,0,,,,,7.65
2026-09-30T22:45Z,1790808300,5143646,INTL_PROXY,down,542,,no_fill,,,,,,,,,0,0,,,,,7.65
2026-09-30T23:00Z,1790809200,5143738,INTL_PROXY,up,1241,,no_fill,,,,,,,,,0,0,,,,,7.65
2026-09-30T23:15Z,1790810100,5143858,INTL_PROXY,down,2996,,no_fill,,,,,,,,,0,0,,,,,7.65
2026-09-30T23:30Z,1790811000,5143901,INTL_PROXY,down,824,,no_fill,,,,,,,,,0,0,,,,,7.65
2026-09-30T23:45Z,1790811900,5144194,INTL_PROXY,down,1264,,no_fill,,,,,,,,,0,0,,,,,7.65
2026-10-01T00:00Z,1790812800,5144329,INTL_PROXY,down,538,,no_fill,,,,,,,,,0,0,,,,,7.65
2026-10-01T00:15Z,1790813700,5144395,INTL_PROXY,down,549,,no_fill,,,,,,,,,0,0,,,,,7.65
2026-10-01T00:30Z,1790814600,5144551,INTL_PROXY,up,666,,no_fill,,,,,,,,,0,0,,,,,7.65
